-- MySQL dump 10.13  Distrib 5.7.22, for osx10.13 (x86_64)
--
-- Host: localhost    Database: ellison
-- ------------------------------------------------------
-- Server version	8.0.11

/*!40101 SET @OLD_CHARACTER_SET_CLIENT=@@CHARACTER_SET_CLIENT */;
/*!40101 SET @OLD_CHARACTER_SET_RESULTS=@@CHARACTER_SET_RESULTS */;
/*!40101 SET @OLD_COLLATION_CONNECTION=@@COLLATION_CONNECTION */;
/*!40101 SET NAMES utf8 */;
/*!40103 SET @OLD_TIME_ZONE=@@TIME_ZONE */;
/*!40103 SET TIME_ZONE='+00:00' */;
/*!40014 SET @OLD_UNIQUE_CHECKS=@@UNIQUE_CHECKS, UNIQUE_CHECKS=0 */;
/*!40014 SET @OLD_FOREIGN_KEY_CHECKS=@@FOREIGN_KEY_CHECKS, FOREIGN_KEY_CHECKS=0 */;
/*!40101 SET @OLD_SQL_MODE=@@SQL_MODE, SQL_MODE='NO_AUTO_VALUE_ON_ZERO' */;
/*!40111 SET @OLD_SQL_NOTES=@@SQL_NOTES, SQL_NOTES=0 */;

--
-- Table structure for table `dialogs`
--

DROP TABLE IF EXISTS `dialogs`;
/*!40101 SET @saved_cs_client     = @@character_set_client */;
/*!40101 SET character_set_client = utf8 */;
CREATE TABLE `dialogs` (
  `id` varchar(128) NOT NULL,
  `call_id` varchar(25) NOT NULL,
  `caller_no` varchar(25) NOT NULL,
  `callee_no` varchar(25) NOT NULL,
  `begin_time` bigint(20) NOT NULL,
  `end_time` bigint(20) NOT NULL,
  `transcripts` text NOT NULL,
  `emotion` varchar(30) NOT NULL,
  `silence` float NOT NULL,
  `interruption` varchar(200) NOT NULL,
  `status` int(11) NOT NULL,
  `session_id` varchar(128) NOT NULL,
  `is_manual_rated` tinyint(1) NOT NULL,
  `manual_score` int(11) NOT NULL,
  `manual_rating` text NOT NULL,
  `machine_score` int(11) NOT NULL,
  `created_at` datetime NOT NULL,
  PRIMARY KEY (`id`)
) ENGINE=InnoDB DEFAULT CHARSET=utf8;
/*!40101 SET character_set_client = @saved_cs_client */;

--
-- Dumping data for table `dialogs`
--

LOCK TABLES `dialogs` WRITE;
/*!40000 ALTER TABLE `dialogs` DISABLE KEYS */;
INSERT INTO `dialogs` VALUES ('58c8259e-a3f1-11e8-9303-784f437148a2','1516672973-919121','14212','89044',1516673024,1516673118,'[{\"target\": \"客户\", \"speech\": \"对。\", \"start_time\": \"1.6\", \"end_time\": \"1.82\"}, {\"target\": \"坐席\", \"speech\": \"您好，请问什么可以帮您呢？\", \"start_time\": \"2.26\", \"end_time\": \"3.85\"}, {\"target\": \"客户\", \"speech\": \"哎你好。\", \"start_time\": \"4.89\", \"end_time\": \"5.61\"}, {\"target\": \"坐席\", \"speech\": \"我想问一下，咱们这边有一个。\", \"start_time\": \"5.64\", \"end_time\": \"7.95\"}, {\"target\": \"客户\", \"speech\": \"交易量新卡。呃，那个是一个什么业务啊。\", \"start_time\": \"7.98\", \"end_time\": \"11.32\"}, {\"target\": \"坐席\", \"speech\": \"人工听的话，是只能在。\", \"start_time\": \"12.66\", \"end_time\": \"14.55\"}, {\"target\": \"客户\", \"speech\": \"不了另外那个额度。想把这个额度结婚，完了以后呢就是自己刷卡消费使用。\", \"start_time\": \"15.39\", \"end_time\": \"20.97\"}, {\"target\": \"坐席\", \"speech\": \"然后用了以后呢？到他会自动办理。\", \"start_time\": \"21.3\", \"end_time\": \"23.64\"}, {\"target\": \"客户\", \"speech\": \"写。\", \"start_time\": \"23.69\", \"end_time\": \"24.08\"}]','',0,'',2,'58bfd1b4-a3f1-11e8-b67a-784f437148a2',1,100,'{\"service\": {\"attitude\": true, \"risk\": true, \"process\": true}, \"etiquette\": {\"sincerity\": true, \"sympathy\": true}, \"solving\": {\"accommodation\": true, \"skillfulness\": true, \"appropriateness\": true}, \"additional\": {\"compliment\": false, \"value\": false}}',0,'2018-08-20 04:49:21'),('58d6ffa6-a3f1-11e8-b5b7-784f437148a2','1516672973-919122','14212','89044',1516673024,1516673118,'[{\"target\": \"客户\", \"speech\": \"对。\", \"start_time\": \"1.6\", \"end_time\": \"1.82\"}, {\"target\": \"坐席\", \"speech\": \"您好，请问什么可以帮您呢？\", \"start_time\": \"2.26\", \"end_time\": \"3.85\"}, {\"target\": \"客户\", \"speech\": \"哎你好。\", \"start_time\": \"4.89\", \"end_time\": \"5.61\"}, {\"target\": \"坐席\", \"speech\": \"我想问一下，咱们这边有一个。\", \"start_time\": \"5.64\", \"end_time\": \"7.95\"}, {\"target\": \"客户\", \"speech\": \"交易量新卡。呃，那个是一个什么业务啊。\", \"start_time\": \"7.98\", \"end_time\": \"11.32\"}, {\"target\": \"坐席\", \"speech\": \"人工听的话，是只能在。\", \"start_time\": \"12.66\", \"end_time\": \"14.55\"}, {\"target\": \"客户\", \"speech\": \"不了另外那个额度。想把这个额度结婚，完了以后呢就是自己刷卡消费使用。\", \"start_time\": \"15.39\", \"end_time\": \"20.97\"}, {\"target\": \"坐席\", \"speech\": \"然后用了以后呢？到他会自动办理。\", \"start_time\": \"21.3\", \"end_time\": \"23.64\"}, {\"target\": \"客户\", \"speech\": \"写。\", \"start_time\": \"23.69\", \"end_time\": \"24.08\"}]','',0,'',2,'58bfd1b4-a3f1-11e8-b67a-784f437148a2',0,0,'',0,'2018-08-20 04:49:21');
/*!40000 ALTER TABLE `dialogs` ENABLE KEYS */;
UNLOCK TABLES;

--
-- Table structure for table `quality_assurance_result`
--

DROP TABLE IF EXISTS `quality_assurance_result`;
/*!40101 SET @saved_cs_client     = @@character_set_client */;
/*!40101 SET character_set_client = utf8 */;
CREATE TABLE `quality_assurance_result` (
  `id` varchar(128) NOT NULL,
  `dialog_id` varchar(128) NOT NULL,
  `analyzer_id` varchar(128) NOT NULL,
  `analyzer_type` varchar(128) NOT NULL,
  `result_m` varchar(500) NOT NULL,
  `result_s` text NOT NULL,
  `correction` text,
  PRIMARY KEY (`id`)
) ENGINE=InnoDB DEFAULT CHARSET=utf8;
/*!40101 SET character_set_client = @saved_cs_client */;

--
-- Dumping data for table `quality_assurance_result`
--

LOCK TABLES `quality_assurance_result` WRITE;
/*!40000 ALTER TABLE `quality_assurance_result` DISABLE KEYS */;
INSERT INTO `quality_assurance_result` VALUES ('b86d6dd8-a3f1-11e8-b49c-784f437148a2','58d6ffa6-a3f1-11e8-b5b7-784f437148a2','2b755672-1c04-4574-b0aa-e445bca64841','smart_text_analyzer','False','',''),('b873965e-a3f1-11e8-bdc8-784f437148a2','58d6ffa6-a3f1-11e8-b5b7-784f437148a2','592cb7e5-26b3-4f94-8b9a-2bba0d952a3b','smart_text_analyzer','False','',''),('b873de86-a3f1-11e8-adfc-784f437148a2','58d6ffa6-a3f1-11e8-b5b7-784f437148a2','80d0f07a-875c-4853-b1ff-3f272ace845d','smart_text_analyzer','True','[{\"score\": 0.6, \"source\": \"哎你好。\", \"matched\": \"你服务很好。\", \"start_time\": \"4.89\", \"end_time\": \"5.61\", \"origin\": \"哎你好。\"}]',''),('b8741ae8-a3f1-11e8-87ff-784f437148a2','58d6ffa6-a3f1-11e8-b5b7-784f437148a2','9291252b-4041-4d6b-b95c-682854db5990','smart_text_analyzer','False','',''),('b8744bd0-a3f1-11e8-acd7-784f437148a2','58d6ffa6-a3f1-11e8-b5b7-784f437148a2','9caf9b51-4fd9-4600-b877-f80c647e18bb','smart_text_analyzer','False','',''),('b8747858-a3f1-11e8-862c-784f437148a2','58d6ffa6-a3f1-11e8-b5b7-784f437148a2','ca6f955b-a5a5-4bee-83bf-c1be88957caa','smart_text_analyzer','False','',''),('b874a440-a3f1-11e8-b8cb-784f437148a2','58d6ffa6-a3f1-11e8-b5b7-784f437148a2','cbcefb70-396c-4e72-ab40-bf98edfb97cb','smart_text_analyzer','True','[{\"score\": 0.63, \"source\": \"请问什么可以帮您呢？\", \"matched\": \"请问您说是什么呢？\", \"start_time\": \"2.26\", \"end_time\": \"3.85\", \"origin\": \"您好，请问什么可以帮您呢？\"}]',''),('b874d33e-a3f1-11e8-b74a-784f437148a2','58d6ffa6-a3f1-11e8-b5b7-784f437148a2','29e8c669-256d-482e-8d33-c32b03484a11','regex_text_analyzer','False','',''),('b874ff94-a3f1-11e8-a677-784f437148a2','58d6ffa6-a3f1-11e8-b5b7-784f437148a2','4c83d22e-bd23-4776-a728-c7e2a32acc71','regex_text_analyzer','True','[{\"source\": \"您好，请问什么可以帮您呢？\", \"matched\": [\"什么\"], \"start_time\": \"2.26\", \"end_time\": \"3.85\", \"score\": 1.0, \"origin\": \"您好，请问什么可以帮您呢？\"}, {\"source\": \"交易量新卡。呃，那个是一个什么业务啊。\", \"matched\": [\"什么\"], \"start_time\": \"7.98\", \"end_time\": \"11.32\", \"score\": 1.0, \"origin\": \"交易量新卡。呃，那个是一个什么业务啊。\"}]',''),('b8752c6c-a3f1-11e8-96db-784f437148a2','58d6ffa6-a3f1-11e8-b5b7-784f437148a2','de39ac6b-481a-4e90-a0df-d1db95b3a3d9','regex_text_analyzer','False','',''),('b8755806-a3f1-11e8-b90c-784f437148a2','58d6ffa6-a3f1-11e8-b5b7-784f437148a2','f03b8579-d6e2-4f39-9739-b90670203331','regex_text_analyzer','True','[{\"source\": \"对。\", \"matched\": [\"\"], \"start_time\": \"1.6\", \"end_time\": \"1.82\", \"score\": 1.0, \"origin\": \"对。\"}, {\"source\": \"您好，请问什么可以帮您呢？\", \"matched\": [\"\"], \"start_time\": \"2.26\", \"end_time\": \"3.85\", \"score\": 1.0, \"origin\": \"您好，请问什么可以帮您呢？\"}, {\"source\": \"哎你好。\", \"matched\": [\"\"], \"start_time\": \"4.89\", \"end_time\": \"5.61\", \"score\": 1.0, \"origin\": \"哎你好。\"}, {\"source\": \"我想问一下，咱们这边有一个。\", \"matched\": [\"\"], \"start_time\": \"5.64\", \"end_time\": \"7.95\", \"score\": 1.0, \"origin\": \"我想问一下，咱们这边有一个。\"}, {\"source\": \"交易量新卡。呃，那个是一个什么业务啊。\", \"matched\": [\"\"], \"start_time\": \"7.98\", \"end_time\": \"11.32\", \"score\": 1.0, \"origin\": \"交易量新卡。呃，那个是一个什么业务啊。\"}, {\"source\": \"人工听的话，是只能在。\", \"matched\": [\"\"], \"start_time\": \"12.66\", \"end_time\": \"14.55\", \"score\": 1.0, \"origin\": \"人工听的话，是只能在。\"}, {\"source\": \"不了另外那个额度。想把这个额度结婚，完了以后呢就是自己刷卡消费使用。\", \"matched\": [\"\"], \"start_time\": \"15.39\", \"end_time\": \"20.97\", \"score\": 1.0, \"origin\": \"不了另外那个额度。想把这个额度结婚，完了以后呢就是自己刷卡消费使用。\"}, {\"source\": \"然后用了以后呢？到他会自动办理。\", \"matched\": [\"\"], \"start_time\": \"21.3\", \"end_time\": \"23.64\", \"score\": 1.0, \"origin\": \"然后用了以后呢？到他会自动办理。\"}, {\"source\": \"写。\", \"matched\": [\"\"], \"start_time\": \"23.69\", \"end_time\": \"24.08\", \"score\": 1.0, \"origin\": \"写。\"}]',''),('b8758e64-a3f1-11e8-8548-784f437148a2','58d6ffa6-a3f1-11e8-b5b7-784f437148a2','f2c55429-0fd0-4d98-b402-9963d277dfde','regex_text_analyzer','True','[{\"source\": \"您好，请问什么可以帮您呢？\", \"matched\": [\"什么\"], \"start_time\": \"2.26\", \"end_time\": \"3.85\", \"score\": 1.0, \"origin\": \"您好，请问什么可以帮您呢？\"}, {\"source\": \"交易量新卡。呃，那个是一个什么业务啊。\", \"matched\": [\"啊\", \"什么\"], \"start_time\": \"7.98\", \"end_time\": \"11.32\", \"score\": 1.0, \"origin\": \"交易量新卡。呃，那个是一个什么业务啊。\"}]',''),('b875c0a8-a3f1-11e8-9fa2-784f437148a2','58d6ffa6-a3f1-11e8-b5b7-784f437148a2','f7291178-4f6a-4136-8ac5-26b1beadf850','regex_text_analyzer','True','[{\"source\": \"我想问一下，咱们这边有一个。\", \"matched\": [\"我\"], \"start_time\": \"5.64\", \"end_time\": \"7.95\", \"score\": 1.0, \"origin\": \"我想问一下，咱们这边有一个。\"}]',''),('b875ee68-a3f1-11e8-8749-784f437148a2','58d6ffa6-a3f1-11e8-b5b7-784f437148a2','fa46540f-78d8-4663-a2c8-1ab3be936d35','regex_text_analyzer','True','[{\"source\": \"对。\", \"matched\": [\"\"], \"start_time\": \"1.6\", \"end_time\": \"1.82\", \"score\": 1.0, \"origin\": \"对。\"}, {\"source\": \"您好，请问什么可以帮您呢？\", \"matched\": [\"\"], \"start_time\": \"2.26\", \"end_time\": \"3.85\", \"score\": 1.0, \"origin\": \"您好，请问什么可以帮您呢？\"}, {\"source\": \"哎你好。\", \"matched\": [\"\"], \"start_time\": \"4.89\", \"end_time\": \"5.61\", \"score\": 1.0, \"origin\": \"哎你好。\"}, {\"source\": \"我想问一下，咱们这边有一个。\", \"matched\": [\"\"], \"start_time\": \"5.64\", \"end_time\": \"7.95\", \"score\": 1.0, \"origin\": \"我想问一下，咱们这边有一个。\"}, {\"source\": \"交易量新卡。呃，那个是一个什么业务啊。\", \"matched\": [\"\"], \"start_time\": \"7.98\", \"end_time\": \"11.32\", \"score\": 1.0, \"origin\": \"交易量新卡。呃，那个是一个什么业务啊。\"}, {\"source\": \"人工听的话，是只能在。\", \"matched\": [\"\"], \"start_time\": \"12.66\", \"end_time\": \"14.55\", \"score\": 1.0, \"origin\": \"人工听的话，是只能在。\"}, {\"source\": \"不了另外那个额度。想把这个额度结婚，完了以后呢就是自己刷卡消费使用。\", \"matched\": [\"\"], \"start_time\": \"15.39\", \"end_time\": \"20.97\", \"score\": 1.0, \"origin\": \"不了另外那个额度。想把这个额度结婚，完了以后呢就是自己刷卡消费使用。\"}, {\"source\": \"然后用了以后呢？到他会自动办理。\", \"matched\": [\"\"], \"start_time\": \"21.3\", \"end_time\": \"23.64\", \"score\": 1.0, \"origin\": \"然后用了以后呢？到他会自动办理。\"}, {\"source\": \"写。\", \"matched\": [\"\"], \"start_time\": \"23.69\", \"end_time\": \"24.08\", \"score\": 1.0, \"origin\": \"写。\"}]',''),('b876261c-a3f1-11e8-95fb-784f437148a2','58d6ffa6-a3f1-11e8-b5b7-784f437148a2','topic','smart_topic_analyzer','开具证明,销卡业务','[{\"topic_id\": \"1d8ccc68-c3a2-49b7-ba05-3f26fdbe472e\", \"name\": \"销卡业务\", \"matched\": [{\"score\": 0.57, \"source\": \"请问什么可以帮您呢？\", \"matched\": \"请问什么原因不想用呢？\", \"start_time\": \"2.26\", \"end_time\": \"3.85\", \"origin\": \"您好，请问什么可以帮您呢？\"}]}, {\"topic_id\": \"a1d20a39-ee9c-49ce-b597-00f9cfac2638\", \"name\": \"开具证明\", \"matched\": [{\"score\": 0.6, \"source\": \"请问什么可以帮您呢？\", \"matched\": \"请问需要什么证明呢？\", \"start_time\": \"2.26\", \"end_time\": \"3.85\", \"origin\": \"您好，请问什么可以帮您呢？\"}]}]',''),('bc06c0fa-a3f1-11e8-8062-784f437148a2','58c8259e-a3f1-11e8-9303-784f437148a2','2b755672-1c04-4574-b0aa-e445bca64841','smart_text_analyzer','False','',''),('bc0d7f34-a3f1-11e8-bf35-784f437148a2','58c8259e-a3f1-11e8-9303-784f437148a2','592cb7e5-26b3-4f94-8b9a-2bba0d952a3b','smart_text_analyzer','False','',''),('bc0dc26c-a3f1-11e8-8d44-784f437148a2','58c8259e-a3f1-11e8-9303-784f437148a2','80d0f07a-875c-4853-b1ff-3f272ace845d','smart_text_analyzer','True','[{\"score\": 0.6, \"source\": \"哎你好。\", \"matched\": \"你服务很好。\", \"start_time\": \"4.89\", \"end_time\": \"5.61\", \"origin\": \"哎你好。\"}]',''),('bc0dfd5e-a3f1-11e8-9653-784f437148a2','58c8259e-a3f1-11e8-9303-784f437148a2','9291252b-4041-4d6b-b95c-682854db5990','smart_text_analyzer','False','',''),('bc0e3d00-a3f1-11e8-b3a5-784f437148a2','58c8259e-a3f1-11e8-9303-784f437148a2','9caf9b51-4fd9-4600-b877-f80c647e18bb','smart_text_analyzer','False','',''),('bc0e6cc6-a3f1-11e8-9b07-784f437148a2','58c8259e-a3f1-11e8-9303-784f437148a2','ca6f955b-a5a5-4bee-83bf-c1be88957caa','smart_text_analyzer','False','',''),('bc0ec2e8-a3f1-11e8-8b2a-784f437148a2','58c8259e-a3f1-11e8-9303-784f437148a2','cbcefb70-396c-4e72-ab40-bf98edfb97cb','smart_text_analyzer','True','[{\"score\": 0.63, \"source\": \"请问什么可以帮您呢？\", \"matched\": \"请问您说是什么呢？\", \"start_time\": \"2.26\", \"end_time\": \"3.85\", \"origin\": \"您好，请问什么可以帮您呢？\"}]',''),('bc0efccc-a3f1-11e8-ba60-784f437148a2','58c8259e-a3f1-11e8-9303-784f437148a2','29e8c669-256d-482e-8d33-c32b03484a11','regex_text_analyzer','False','',''),('bc0f3f34-a3f1-11e8-86d4-784f437148a2','58c8259e-a3f1-11e8-9303-784f437148a2','4c83d22e-bd23-4776-a728-c7e2a32acc71','regex_text_analyzer','True','[{\"source\": \"您好，请问什么可以帮您呢？\", \"matched\": [\"什么\"], \"start_time\": \"2.26\", \"end_time\": \"3.85\", \"score\": 1.0, \"origin\": \"您好，请问什么可以帮您呢？\"}, {\"source\": \"交易量新卡。呃，那个是一个什么业务啊。\", \"matched\": [\"什么\"], \"start_time\": \"7.98\", \"end_time\": \"11.32\", \"score\": 1.0, \"origin\": \"交易量新卡。呃，那个是一个什么业务啊。\"}]',''),('bc0f8e12-a3f1-11e8-ad6f-784f437148a2','58c8259e-a3f1-11e8-9303-784f437148a2','de39ac6b-481a-4e90-a0df-d1db95b3a3d9','regex_text_analyzer','False','',''),('bc0fc210-a3f1-11e8-b1bd-784f437148a2','58c8259e-a3f1-11e8-9303-784f437148a2','f03b8579-d6e2-4f39-9739-b90670203331','regex_text_analyzer','True','[{\"source\": \"对。\", \"matched\": [\"\"], \"start_time\": \"1.6\", \"end_time\": \"1.82\", \"score\": 1.0, \"origin\": \"对。\"}, {\"source\": \"您好，请问什么可以帮您呢？\", \"matched\": [\"\"], \"start_time\": \"2.26\", \"end_time\": \"3.85\", \"score\": 1.0, \"origin\": \"您好，请问什么可以帮您呢？\"}, {\"source\": \"哎你好。\", \"matched\": [\"\"], \"start_time\": \"4.89\", \"end_time\": \"5.61\", \"score\": 1.0, \"origin\": \"哎你好。\"}, {\"source\": \"我想问一下，咱们这边有一个。\", \"matched\": [\"\"], \"start_time\": \"5.64\", \"end_time\": \"7.95\", \"score\": 1.0, \"origin\": \"我想问一下，咱们这边有一个。\"}, {\"source\": \"交易量新卡。呃，那个是一个什么业务啊。\", \"matched\": [\"\"], \"start_time\": \"7.98\", \"end_time\": \"11.32\", \"score\": 1.0, \"origin\": \"交易量新卡。呃，那个是一个什么业务啊。\"}, {\"source\": \"人工听的话，是只能在。\", \"matched\": [\"\"], \"start_time\": \"12.66\", \"end_time\": \"14.55\", \"score\": 1.0, \"origin\": \"人工听的话，是只能在。\"}, {\"source\": \"不了另外那个额度。想把这个额度结婚，完了以后呢就是自己刷卡消费使用。\", \"matched\": [\"\"], \"start_time\": \"15.39\", \"end_time\": \"20.97\", \"score\": 1.0, \"origin\": \"不了另外那个额度。想把这个额度结婚，完了以后呢就是自己刷卡消费使用。\"}, {\"source\": \"然后用了以后呢？到他会自动办理。\", \"matched\": [\"\"], \"start_time\": \"21.3\", \"end_time\": \"23.64\", \"score\": 1.0, \"origin\": \"然后用了以后呢？到他会自动办理。\"}, {\"source\": \"写。\", \"matched\": [\"\"], \"start_time\": \"23.69\", \"end_time\": \"24.08\", \"score\": 1.0, \"origin\": \"写。\"}]',''),('bc0ffb0c-a3f1-11e8-b2eb-784f437148a2','58c8259e-a3f1-11e8-9303-784f437148a2','f2c55429-0fd0-4d98-b402-9963d277dfde','regex_text_analyzer','True','[{\"source\": \"您好，请问什么可以帮您呢？\", \"matched\": [\"什么\"], \"start_time\": \"2.26\", \"end_time\": \"3.85\", \"score\": 1.0, \"origin\": \"您好，请问什么可以帮您呢？\"}, {\"source\": \"交易量新卡。呃，那个是一个什么业务啊。\", \"matched\": [\"啊\", \"什么\"], \"start_time\": \"7.98\", \"end_time\": \"11.32\", \"score\": 1.0, \"origin\": \"交易量新卡。呃，那个是一个什么业务啊。\"}]',''),('bc10315a-a3f1-11e8-9a6b-784f437148a2','58c8259e-a3f1-11e8-9303-784f437148a2','f7291178-4f6a-4136-8ac5-26b1beadf850','regex_text_analyzer','True','[{\"source\": \"我想问一下，咱们这边有一个。\", \"matched\": [\"我\"], \"start_time\": \"5.64\", \"end_time\": \"7.95\", \"score\": 1.0, \"origin\": \"我想问一下，咱们这边有一个。\"}]',''),('bc105fc2-a3f1-11e8-8a45-784f437148a2','58c8259e-a3f1-11e8-9303-784f437148a2','fa46540f-78d8-4663-a2c8-1ab3be936d35','regex_text_analyzer','True','[{\"source\": \"对。\", \"matched\": [\"\"], \"start_time\": \"1.6\", \"end_time\": \"1.82\", \"score\": 1.0, \"origin\": \"对。\"}, {\"source\": \"您好，请问什么可以帮您呢？\", \"matched\": [\"\"], \"start_time\": \"2.26\", \"end_time\": \"3.85\", \"score\": 1.0, \"origin\": \"您好，请问什么可以帮您呢？\"}, {\"source\": \"哎你好。\", \"matched\": [\"\"], \"start_time\": \"4.89\", \"end_time\": \"5.61\", \"score\": 1.0, \"origin\": \"哎你好。\"}, {\"source\": \"我想问一下，咱们这边有一个。\", \"matched\": [\"\"], \"start_time\": \"5.64\", \"end_time\": \"7.95\", \"score\": 1.0, \"origin\": \"我想问一下，咱们这边有一个。\"}, {\"source\": \"交易量新卡。呃，那个是一个什么业务啊。\", \"matched\": [\"\"], \"start_time\": \"7.98\", \"end_time\": \"11.32\", \"score\": 1.0, \"origin\": \"交易量新卡。呃，那个是一个什么业务啊。\"}, {\"source\": \"人工听的话，是只能在。\", \"matched\": [\"\"], \"start_time\": \"12.66\", \"end_time\": \"14.55\", \"score\": 1.0, \"origin\": \"人工听的话，是只能在。\"}, {\"source\": \"不了另外那个额度。想把这个额度结婚，完了以后呢就是自己刷卡消费使用。\", \"matched\": [\"\"], \"start_time\": \"15.39\", \"end_time\": \"20.97\", \"score\": 1.0, \"origin\": \"不了另外那个额度。想把这个额度结婚，完了以后呢就是自己刷卡消费使用。\"}, {\"source\": \"然后用了以后呢？到他会自动办理。\", \"matched\": [\"\"], \"start_time\": \"21.3\", \"end_time\": \"23.64\", \"score\": 1.0, \"origin\": \"然后用了以后呢？到他会自动办理。\"}, {\"source\": \"写。\", \"matched\": [\"\"], \"start_time\": \"23.69\", \"end_time\": \"24.08\", \"score\": 1.0, \"origin\": \"写。\"}]',''),('bc109746-a3f1-11e8-90fd-784f437148a2','58c8259e-a3f1-11e8-9303-784f437148a2','topic','smart_topic_analyzer','开具证明,销卡业务','[{\"topic_id\": \"1d8ccc68-c3a2-49b7-ba05-3f26fdbe472e\", \"name\": \"销卡业务\", \"matched\": [{\"score\": 0.57, \"source\": \"请问什么可以帮您呢？\", \"matched\": \"请问什么原因不想用呢？\", \"start_time\": \"2.26\", \"end_time\": \"3.85\", \"origin\": \"您好，请问什么可以帮您呢？\"}]}, {\"topic_id\": \"a1d20a39-ee9c-49ce-b597-00f9cfac2638\", \"name\": \"开具证明\", \"matched\": [{\"score\": 0.6, \"source\": \"请问什么可以帮您呢？\", \"matched\": \"请问需要什么证明呢？\", \"start_time\": \"2.26\", \"end_time\": \"3.85\", \"origin\": \"您好，请问什么可以帮您呢？\"}]}]',''),('f1932ed8-a3f1-11e8-ae9e-784f437148a2','58d6ffa6-a3f1-11e8-b5b7-784f437148a2','2b755672-1c04-4574-b0aa-e445bca64841','smart_text_analyzer','False','',''),('f19c5cb8-a3f1-11e8-8116-784f437148a2','58d6ffa6-a3f1-11e8-b5b7-784f437148a2','592cb7e5-26b3-4f94-8b9a-2bba0d952a3b','smart_text_analyzer','False','',''),('f19ca15a-a3f1-11e8-8752-784f437148a2','58d6ffa6-a3f1-11e8-b5b7-784f437148a2','80d0f07a-875c-4853-b1ff-3f272ace845d','smart_text_analyzer','True','[{\"score\": 0.6, \"source\": \"哎你好。\", \"matched\": \"你服务很好。\", \"start_time\": \"4.89\", \"end_time\": \"5.61\", \"origin\": \"哎你好。\"}]',''),('f19ceb38-a3f1-11e8-b9e3-784f437148a2','58d6ffa6-a3f1-11e8-b5b7-784f437148a2','9291252b-4041-4d6b-b95c-682854db5990','smart_text_analyzer','False','',''),('f19d22e2-a3f1-11e8-aa37-784f437148a2','58d6ffa6-a3f1-11e8-b5b7-784f437148a2','9caf9b51-4fd9-4600-b877-f80c647e18bb','smart_text_analyzer','False','',''),('f19d530c-a3f1-11e8-a7b2-784f437148a2','58d6ffa6-a3f1-11e8-b5b7-784f437148a2','ca6f955b-a5a5-4bee-83bf-c1be88957caa','smart_text_analyzer','False','',''),('f19d869c-a3f1-11e8-8dca-784f437148a2','58d6ffa6-a3f1-11e8-b5b7-784f437148a2','cbcefb70-396c-4e72-ab40-bf98edfb97cb','smart_text_analyzer','True','[{\"score\": 0.63, \"source\": \"请问什么可以帮您呢？\", \"matched\": \"请问您说是什么呢？\", \"start_time\": \"2.26\", \"end_time\": \"3.85\", \"origin\": \"您好，请问什么可以帮您呢？\"}]',''),('f19dbaae-a3f1-11e8-988e-784f437148a2','58d6ffa6-a3f1-11e8-b5b7-784f437148a2','29e8c669-256d-482e-8d33-c32b03484a11','regex_text_analyzer','False','',''),('f19de9f4-a3f1-11e8-8c0c-784f437148a2','58d6ffa6-a3f1-11e8-b5b7-784f437148a2','4c83d22e-bd23-4776-a728-c7e2a32acc71','regex_text_analyzer','True','[{\"source\": \"您好，请问什么可以帮您呢？\", \"matched\": [\"什么\"], \"start_time\": \"2.26\", \"end_time\": \"3.85\", \"score\": 1.0, \"origin\": \"您好，请问什么可以帮您呢？\"}, {\"source\": \"交易量新卡。呃，那个是一个什么业务啊。\", \"matched\": [\"什么\"], \"start_time\": \"7.98\", \"end_time\": \"11.32\", \"score\": 1.0, \"origin\": \"交易量新卡。呃，那个是一个什么业务啊。\"}]',''),('f19e1e06-a3f1-11e8-aa00-784f437148a2','58d6ffa6-a3f1-11e8-b5b7-784f437148a2','de39ac6b-481a-4e90-a0df-d1db95b3a3d9','regex_text_analyzer','False','',''),('f19e48d4-a3f1-11e8-b6d5-784f437148a2','58d6ffa6-a3f1-11e8-b5b7-784f437148a2','f03b8579-d6e2-4f39-9739-b90670203331','regex_text_analyzer','True','[{\"source\": \"对。\", \"matched\": [\"\"], \"start_time\": \"1.6\", \"end_time\": \"1.82\", \"score\": 1.0, \"origin\": \"对。\"}, {\"source\": \"您好，请问什么可以帮您呢？\", \"matched\": [\"\"], \"start_time\": \"2.26\", \"end_time\": \"3.85\", \"score\": 1.0, \"origin\": \"您好，请问什么可以帮您呢？\"}, {\"source\": \"哎你好。\", \"matched\": [\"\"], \"start_time\": \"4.89\", \"end_time\": \"5.61\", \"score\": 1.0, \"origin\": \"哎你好。\"}, {\"source\": \"我想问一下，咱们这边有一个。\", \"matched\": [\"\"], \"start_time\": \"5.64\", \"end_time\": \"7.95\", \"score\": 1.0, \"origin\": \"我想问一下，咱们这边有一个。\"}, {\"source\": \"交易量新卡。呃，那个是一个什么业务啊。\", \"matched\": [\"\"], \"start_time\": \"7.98\", \"end_time\": \"11.32\", \"score\": 1.0, \"origin\": \"交易量新卡。呃，那个是一个什么业务啊。\"}, {\"source\": \"人工听的话，是只能在。\", \"matched\": [\"\"], \"start_time\": \"12.66\", \"end_time\": \"14.55\", \"score\": 1.0, \"origin\": \"人工听的话，是只能在。\"}, {\"source\": \"不了另外那个额度。想把这个额度结婚，完了以后呢就是自己刷卡消费使用。\", \"matched\": [\"\"], \"start_time\": \"15.39\", \"end_time\": \"20.97\", \"score\": 1.0, \"origin\": \"不了另外那个额度。想把这个额度结婚，完了以后呢就是自己刷卡消费使用。\"}, {\"source\": \"然后用了以后呢？到他会自动办理。\", \"matched\": [\"\"], \"start_time\": \"21.3\", \"end_time\": \"23.64\", \"score\": 1.0, \"origin\": \"然后用了以后呢？到他会自动办理。\"}, {\"source\": \"写。\", \"matched\": [\"\"], \"start_time\": \"23.69\", \"end_time\": \"24.08\", \"score\": 1.0, \"origin\": \"写。\"}]',''),('f19e7926-a3f1-11e8-bbdc-784f437148a2','58d6ffa6-a3f1-11e8-b5b7-784f437148a2','f2c55429-0fd0-4d98-b402-9963d277dfde','regex_text_analyzer','True','[{\"source\": \"您好，请问什么可以帮您呢？\", \"matched\": [\"什么\"], \"start_time\": \"2.26\", \"end_time\": \"3.85\", \"score\": 1.0, \"origin\": \"您好，请问什么可以帮您呢？\"}, {\"source\": \"交易量新卡。呃，那个是一个什么业务啊。\", \"matched\": [\"啊\", \"什么\"], \"start_time\": \"7.98\", \"end_time\": \"11.32\", \"score\": 1.0, \"origin\": \"交易量新卡。呃，那个是一个什么业务啊。\"}]',''),('f19eabee-a3f1-11e8-80fa-784f437148a2','58d6ffa6-a3f1-11e8-b5b7-784f437148a2','f7291178-4f6a-4136-8ac5-26b1beadf850','regex_text_analyzer','True','[{\"source\": \"我想问一下，咱们这边有一个。\", \"matched\": [\"我\"], \"start_time\": \"5.64\", \"end_time\": \"7.95\", \"score\": 1.0, \"origin\": \"我想问一下，咱们这边有一个。\"}]',''),('f19ed72c-a3f1-11e8-8f08-784f437148a2','58d6ffa6-a3f1-11e8-b5b7-784f437148a2','fa46540f-78d8-4663-a2c8-1ab3be936d35','regex_text_analyzer','True','[{\"source\": \"对。\", \"matched\": [\"\"], \"start_time\": \"1.6\", \"end_time\": \"1.82\", \"score\": 1.0, \"origin\": \"对。\"}, {\"source\": \"您好，请问什么可以帮您呢？\", \"matched\": [\"\"], \"start_time\": \"2.26\", \"end_time\": \"3.85\", \"score\": 1.0, \"origin\": \"您好，请问什么可以帮您呢？\"}, {\"source\": \"哎你好。\", \"matched\": [\"\"], \"start_time\": \"4.89\", \"end_time\": \"5.61\", \"score\": 1.0, \"origin\": \"哎你好。\"}, {\"source\": \"我想问一下，咱们这边有一个。\", \"matched\": [\"\"], \"start_time\": \"5.64\", \"end_time\": \"7.95\", \"score\": 1.0, \"origin\": \"我想问一下，咱们这边有一个。\"}, {\"source\": \"交易量新卡。呃，那个是一个什么业务啊。\", \"matched\": [\"\"], \"start_time\": \"7.98\", \"end_time\": \"11.32\", \"score\": 1.0, \"origin\": \"交易量新卡。呃，那个是一个什么业务啊。\"}, {\"source\": \"人工听的话，是只能在。\", \"matched\": [\"\"], \"start_time\": \"12.66\", \"end_time\": \"14.55\", \"score\": 1.0, \"origin\": \"人工听的话，是只能在。\"}, {\"source\": \"不了另外那个额度。想把这个额度结婚，完了以后呢就是自己刷卡消费使用。\", \"matched\": [\"\"], \"start_time\": \"15.39\", \"end_time\": \"20.97\", \"score\": 1.0, \"origin\": \"不了另外那个额度。想把这个额度结婚，完了以后呢就是自己刷卡消费使用。\"}, {\"source\": \"然后用了以后呢？到他会自动办理。\", \"matched\": [\"\"], \"start_time\": \"21.3\", \"end_time\": \"23.64\", \"score\": 1.0, \"origin\": \"然后用了以后呢？到他会自动办理。\"}, {\"source\": \"写。\", \"matched\": [\"\"], \"start_time\": \"23.69\", \"end_time\": \"24.08\", \"score\": 1.0, \"origin\": \"写。\"}]',''),('f19f0814-a3f1-11e8-89bc-784f437148a2','58d6ffa6-a3f1-11e8-b5b7-784f437148a2','topic','smart_topic_analyzer','开具证明,销卡业务','[{\"topic_id\": \"1d8ccc68-c3a2-49b7-ba05-3f26fdbe472e\", \"name\": \"销卡业务\", \"matched\": [{\"score\": 0.57, \"source\": \"请问什么可以帮您呢？\", \"matched\": \"请问什么原因不想用呢？\", \"start_time\": \"2.26\", \"end_time\": \"3.85\", \"origin\": \"您好，请问什么可以帮您呢？\"}]}, {\"topic_id\": \"a1d20a39-ee9c-49ce-b597-00f9cfac2638\", \"name\": \"开具证明\", \"matched\": [{\"score\": 0.6, \"source\": \"请问什么可以帮您呢？\", \"matched\": \"请问需要什么证明呢？\", \"start_time\": \"2.26\", \"end_time\": \"3.85\", \"origin\": \"您好，请问什么可以帮您呢？\"}]}]',''),('f5d8f5ca-a3f1-11e8-9285-784f437148a2','58c8259e-a3f1-11e8-9303-784f437148a2','2b755672-1c04-4574-b0aa-e445bca64841','smart_text_analyzer','False','',''),('f5e6fd78-a3f1-11e8-bf44-784f437148a2','58c8259e-a3f1-11e8-9303-784f437148a2','592cb7e5-26b3-4f94-8b9a-2bba0d952a3b','smart_text_analyzer','False','',''),('f5e7503e-a3f1-11e8-91b5-784f437148a2','58c8259e-a3f1-11e8-9303-784f437148a2','80d0f07a-875c-4853-b1ff-3f272ace845d','smart_text_analyzer','True','[{\"score\": 0.6, \"source\": \"哎你好。\", \"matched\": \"你服务很好。\", \"start_time\": \"4.89\", \"end_time\": \"5.61\", \"origin\": \"哎你好。\"}]',''),('f5e78914-a3f1-11e8-925f-784f437148a2','58c8259e-a3f1-11e8-9303-784f437148a2','9291252b-4041-4d6b-b95c-682854db5990','smart_text_analyzer','False','',''),('f5e7cbfe-a3f1-11e8-8597-784f437148a2','58c8259e-a3f1-11e8-9303-784f437148a2','9caf9b51-4fd9-4600-b877-f80c647e18bb','smart_text_analyzer','False','',''),('f5e7fffa-a3f1-11e8-924b-784f437148a2','58c8259e-a3f1-11e8-9303-784f437148a2','ca6f955b-a5a5-4bee-83bf-c1be88957caa','smart_text_analyzer','False','',''),('f5e843fe-a3f1-11e8-9802-784f437148a2','58c8259e-a3f1-11e8-9303-784f437148a2','cbcefb70-396c-4e72-ab40-bf98edfb97cb','smart_text_analyzer','True','[{\"score\": 0.63, \"source\": \"请问什么可以帮您呢？\", \"matched\": \"请问您说是什么呢？\", \"start_time\": \"2.26\", \"end_time\": \"3.85\", \"origin\": \"您好，请问什么可以帮您呢？\"}]',''),('f5e872b6-a3f1-11e8-ae79-784f437148a2','58c8259e-a3f1-11e8-9303-784f437148a2','29e8c669-256d-482e-8d33-c32b03484a11','regex_text_analyzer','False','',''),('f5e89df4-a3f1-11e8-b2db-784f437148a2','58c8259e-a3f1-11e8-9303-784f437148a2','4c83d22e-bd23-4776-a728-c7e2a32acc71','regex_text_analyzer','True','[{\"source\": \"您好，请问什么可以帮您呢？\", \"matched\": [\"什么\"], \"start_time\": \"2.26\", \"end_time\": \"3.85\", \"score\": 1.0, \"origin\": \"您好，请问什么可以帮您呢？\"}, {\"source\": \"交易量新卡。呃，那个是一个什么业务啊。\", \"matched\": [\"什么\"], \"start_time\": \"7.98\", \"end_time\": \"11.32\", \"score\": 1.0, \"origin\": \"交易量新卡。呃，那个是一个什么业务啊。\"}]',''),('f5e8cd9c-a3f1-11e8-b463-784f437148a2','58c8259e-a3f1-11e8-9303-784f437148a2','de39ac6b-481a-4e90-a0df-d1db95b3a3d9','regex_text_analyzer','False','',''),('f5e8f830-a3f1-11e8-9f94-784f437148a2','58c8259e-a3f1-11e8-9303-784f437148a2','f03b8579-d6e2-4f39-9739-b90670203331','regex_text_analyzer','True','[{\"source\": \"对。\", \"matched\": [\"\"], \"start_time\": \"1.6\", \"end_time\": \"1.82\", \"score\": 1.0, \"origin\": \"对。\"}, {\"source\": \"您好，请问什么可以帮您呢？\", \"matched\": [\"\"], \"start_time\": \"2.26\", \"end_time\": \"3.85\", \"score\": 1.0, \"origin\": \"您好，请问什么可以帮您呢？\"}, {\"source\": \"哎你好。\", \"matched\": [\"\"], \"start_time\": \"4.89\", \"end_time\": \"5.61\", \"score\": 1.0, \"origin\": \"哎你好。\"}, {\"source\": \"我想问一下，咱们这边有一个。\", \"matched\": [\"\"], \"start_time\": \"5.64\", \"end_time\": \"7.95\", \"score\": 1.0, \"origin\": \"我想问一下，咱们这边有一个。\"}, {\"source\": \"交易量新卡。呃，那个是一个什么业务啊。\", \"matched\": [\"\"], \"start_time\": \"7.98\", \"end_time\": \"11.32\", \"score\": 1.0, \"origin\": \"交易量新卡。呃，那个是一个什么业务啊。\"}, {\"source\": \"人工听的话，是只能在。\", \"matched\": [\"\"], \"start_time\": \"12.66\", \"end_time\": \"14.55\", \"score\": 1.0, \"origin\": \"人工听的话，是只能在。\"}, {\"source\": \"不了另外那个额度。想把这个额度结婚，完了以后呢就是自己刷卡消费使用。\", \"matched\": [\"\"], \"start_time\": \"15.39\", \"end_time\": \"20.97\", \"score\": 1.0, \"origin\": \"不了另外那个额度。想把这个额度结婚，完了以后呢就是自己刷卡消费使用。\"}, {\"source\": \"然后用了以后呢？到他会自动办理。\", \"matched\": [\"\"], \"start_time\": \"21.3\", \"end_time\": \"23.64\", \"score\": 1.0, \"origin\": \"然后用了以后呢？到他会自动办理。\"}, {\"source\": \"写。\", \"matched\": [\"\"], \"start_time\": \"23.69\", \"end_time\": \"24.08\", \"score\": 1.0, \"origin\": \"写。\"}]',''),('f5e928d2-a3f1-11e8-8566-784f437148a2','58c8259e-a3f1-11e8-9303-784f437148a2','f2c55429-0fd0-4d98-b402-9963d277dfde','regex_text_analyzer','True','[{\"source\": \"您好，请问什么可以帮您呢？\", \"matched\": [\"什么\"], \"start_time\": \"2.26\", \"end_time\": \"3.85\", \"score\": 1.0, \"origin\": \"您好，请问什么可以帮您呢？\"}, {\"source\": \"交易量新卡。呃，那个是一个什么业务啊。\", \"matched\": [\"啊\", \"什么\"], \"start_time\": \"7.98\", \"end_time\": \"11.32\", \"score\": 1.0, \"origin\": \"交易量新卡。呃，那个是一个什么业务啊。\"}]',''),('f5e9632e-a3f1-11e8-8aef-784f437148a2','58c8259e-a3f1-11e8-9303-784f437148a2','f7291178-4f6a-4136-8ac5-26b1beadf850','regex_text_analyzer','True','[{\"source\": \"我想问一下，咱们这边有一个。\", \"matched\": [\"我\"], \"start_time\": \"5.64\", \"end_time\": \"7.95\", \"score\": 1.0, \"origin\": \"我想问一下，咱们这边有一个。\"}]',''),('f5e9904c-a3f1-11e8-9cbb-784f437148a2','58c8259e-a3f1-11e8-9303-784f437148a2','fa46540f-78d8-4663-a2c8-1ab3be936d35','regex_text_analyzer','True','[{\"source\": \"对。\", \"matched\": [\"\"], \"start_time\": \"1.6\", \"end_time\": \"1.82\", \"score\": 1.0, \"origin\": \"对。\"}, {\"source\": \"您好，请问什么可以帮您呢？\", \"matched\": [\"\"], \"start_time\": \"2.26\", \"end_time\": \"3.85\", \"score\": 1.0, \"origin\": \"您好，请问什么可以帮您呢？\"}, {\"source\": \"哎你好。\", \"matched\": [\"\"], \"start_time\": \"4.89\", \"end_time\": \"5.61\", \"score\": 1.0, \"origin\": \"哎你好。\"}, {\"source\": \"我想问一下，咱们这边有一个。\", \"matched\": [\"\"], \"start_time\": \"5.64\", \"end_time\": \"7.95\", \"score\": 1.0, \"origin\": \"我想问一下，咱们这边有一个。\"}, {\"source\": \"交易量新卡。呃，那个是一个什么业务啊。\", \"matched\": [\"\"], \"start_time\": \"7.98\", \"end_time\": \"11.32\", \"score\": 1.0, \"origin\": \"交易量新卡。呃，那个是一个什么业务啊。\"}, {\"source\": \"人工听的话，是只能在。\", \"matched\": [\"\"], \"start_time\": \"12.66\", \"end_time\": \"14.55\", \"score\": 1.0, \"origin\": \"人工听的话，是只能在。\"}, {\"source\": \"不了另外那个额度。想把这个额度结婚，完了以后呢就是自己刷卡消费使用。\", \"matched\": [\"\"], \"start_time\": \"15.39\", \"end_time\": \"20.97\", \"score\": 1.0, \"origin\": \"不了另外那个额度。想把这个额度结婚，完了以后呢就是自己刷卡消费使用。\"}, {\"source\": \"然后用了以后呢？到他会自动办理。\", \"matched\": [\"\"], \"start_time\": \"21.3\", \"end_time\": \"23.64\", \"score\": 1.0, \"origin\": \"然后用了以后呢？到他会自动办理。\"}, {\"source\": \"写。\", \"matched\": [\"\"], \"start_time\": \"23.69\", \"end_time\": \"24.08\", \"score\": 1.0, \"origin\": \"写。\"}]',''),('f5e9cd28-a3f1-11e8-bb47-784f437148a2','58c8259e-a3f1-11e8-9303-784f437148a2','topic','smart_topic_analyzer','开具证明,销卡业务','[{\"topic_id\": \"1d8ccc68-c3a2-49b7-ba05-3f26fdbe472e\", \"name\": \"销卡业务\", \"matched\": [{\"score\": 0.57, \"source\": \"请问什么可以帮您呢？\", \"matched\": \"请问什么原因不想用呢？\", \"start_time\": \"2.26\", \"end_time\": \"3.85\", \"origin\": \"您好，请问什么可以帮您呢？\"}]}, {\"topic_id\": \"a1d20a39-ee9c-49ce-b597-00f9cfac2638\", \"name\": \"开具证明\", \"matched\": [{\"score\": 0.6, \"source\": \"请问什么可以帮您呢？\", \"matched\": \"请问需要什么证明呢？\", \"start_time\": \"2.26\", \"end_time\": \"3.85\", \"origin\": \"您好，请问什么可以帮您呢？\"}]}]','');
/*!40000 ALTER TABLE `quality_assurance_result` ENABLE KEYS */;
UNLOCK TABLES;

--
-- Table structure for table `regex_text_analyzer`
--

DROP TABLE IF EXISTS `regex_text_analyzer`;
/*!40101 SET @saved_cs_client     = @@character_set_client */;
/*!40101 SET character_set_client = utf8 */;
CREATE TABLE `regex_text_analyzer` (
  `id` varchar(128) NOT NULL,
  `keywords` text,
  `target` varchar(200) NOT NULL,
  `logic` varchar(10) NOT NULL,
  `name` varchar(45) NOT NULL,
  PRIMARY KEY (`id`)
) ENGINE=InnoDB DEFAULT CHARSET=utf8;
/*!40101 SET character_set_client = @saved_cs_client */;

--
-- Dumping data for table `regex_text_analyzer`
--

LOCK TABLES `regex_text_analyzer` WRITE;
/*!40000 ALTER TABLE `regex_text_analyzer` DISABLE KEYS */;
INSERT INTO `regex_text_analyzer` VALUES ('29e8c669-256d-482e-8d33-c32b03484a11','你服务真好，服务很周到，有你真好，你服务很好，你太好了，服务非常好，要表扬一下，给你表扬，很贴心，你态度真好，态度这么好，声音好好听，声音很好听，我要表扬他，旅途愉快，服务挺好，你态度挺好，服务很好，服务太好了，服务挺好的，你真贴心，声音甜美，声音好美啊，你说话真好，态度太好，给你点赞，声音真好听，我要表扬你，真周到，服务态度好，声音真甜，服务真好，你声音好甜，服务挺周到，你真好人，声音不错，好温馨哦，声音好听呢，这服务好啊，声音好听','all','or','用心超越期望'),('4c83d22e-bd23-4776-a728-c7e2a32acc71','你说错了吧，你说什么呢，你没睡醒吗，你在说一遍，我没听懂，你是猪吗，你听不懂啊，我的需求是，我是想，都是乱来的，你看错了吧，哎呀妈呀，瞎JB乱说，喂，你傻吗，你没理解，不对呀，你是不是傻，就完事了呗，你说的不对，你新来的吧，喂在么，听不懂吗，你解释错了，我问的是，什么，能听到吗，在听吗，对不对，明白了吗，我再说一次，我的意思是，懒得跟你讲，你再看一下，你想什么呢，你还在么，你在说什么，给我换个人，是这样的吗，你不懂，还是这样的，不是这样的，喂在听么，胡扯，什么呀，你听不懂吗，是另外一个，我再讲一次，你还不明白，我是说，我要换客服，你查的不对，听懂了吗，换个客服，好好重新说，你真的会吗，你说什么，再说一次，什么人呀，你在不在线，你没听明白，你弄错了，我再说一遍，我说，你专心点，什么鬼，你换个说法，我没有听懂','all','or','答非所问'),('de39ac6b-481a-4e90-a0df-d1db95b3a3d9','去死吧，真是个撒*，傻B，没脑子呀你，吃屎去，说够了没，您好好说话，神经病一样，出门不幸，恶心，都什么人呀，垃圾，宝里宝气，我也是醉了，死全家，shut，变态，真心不要脸，脑瓜有泡吧，变态啊，死变态，没上过学，没吃药吧，真的不要脸，个丧门，个损逼，笨死了，烦死了，真是贱人，无语了，死不要脸，你个臭鸡蛋，脑残，怎么这么蠢，差不多得了，和猪一样，我受够你了，智障呀，你是变态啊，没教养，马勒个鸡的，傻*，怎么不去死，不会听人话，贱货，贱人，你是猪么，你妹，脑子有问题，脑子有屎啊，傻逼，啰嗦，个死逼，蠢货，阿西吧，耳聋吗，哎呦妈呀，脑子进水，我操你妈，神经了，真的是讨厌，你有病吧，痴（黐）线，脑子进水了，他妈的，脑子有屎，得儿喝的，畜生，傻x，脑子不正常，想太多，脸皮真厚，活该倒霉，有问题吧，你是猪吗，倒霉样儿，蠢死，咆哮狂魔，傻子，太不要脸了，诅咒你，你真贱，缺德，是我服了你，什么态度，kao，真烦，会不会讲话，真不要脸，Shit，什么人啊，蠢猪，傻的吧，不可理喻，你活该，狗日的，怎么讲话的，真是傻啊！，真没素质，傻X，有病啊，狗比，个山炮，气死我了，活该，凭什么啊，耳朵有问题，有毒啊，MD，神经 ，笨蛋一个，真是服你了，霸王条款，缺爱，妈卖批，好无语啊，你听不懂么，真的蠢，什么都不懂，烦银劲，这个神经病，智商，真是无语了，bitch，什么人，有毛病吧，吃饱了撑的，倒霉彪子，你大爷，脑子有坑，是弱智吗，真TM变态，我靠，拽个毛线，家里有矿啊，烦人，我kao，这头猪，靠，笨，奶奶的，事儿逼，缺心眼，智障吗，客户不要脸，什么鬼，你是智障吗，烦躁，没家教，凶什么凶，这也太蠢了，脑残吧，弱智，简直有病，没钱还装逼，CAO，滚吧，蠢样，脑子秀逗了，去你妈的，靠去死吧，蠢的呀，不要脸，白痴，有病吧，疯狗，二逼，自以为是，铁公鸡，智障，迟钝呢，操你大爷的，赶紧倒闭，SB，吃屎去吧，操你全家，骚逼，没素质，傻帽，遇到一白痴，缺心眼吧!，你有毒，傻B傻帽，操蛋，这人欠收拾，你是傻逼吗，我操，反应迟钝，我去，脑袋有屁，傻缺，真的是蠢，个弱智，不正常，见鬼了，欠债还钱，恶心死了，疯子，艹，带没带脑子，有毛病，脑回路够长，脑子有病吧，二比，傻客户，你真笨，真受不了你，脑子绣了，fuck，换一个客服，我靠傻逼，爱死不死，傻逼玩意，烦人呐，疯狗一样，神经病啊，愚不可及，妈了个逼的，智障吧，个傻逼，你妹啊，妹的，好恶心哪，闲的蛋疼，脑子不好使，卧槽，靠变态吧，是猪啊，挨千刀的，你去死吧，二皮脸，怎么这么傻，二货，狗客户，是不是傻啊，TMD，各样银劲，这人有病吧，你个猪脑啊，FUCK，二傻，一根筋吧，吃饱了撑着，死老太婆，傻B客户，变态吧，去你的，凭什么，赶紧滚吧，脑子有包，傻子一样，你是不是傻，不懂装懂，草拟吗，真特么傻逼，能不能行了，草泥马，脑子有病，狗屎，脑残货，神经病，客人有病吧，脑才吧，猪来的吧，给你脸了，妈的，什么玩意儿，想得美，臭不要脸，奶奶个熊，你妹的，你他妈有病，真是变态，丢雷老母，臭瘪犊子，死女人，是不是傻，二傻子，真恶心，傻不拉几的，草，早死早好，给我换客服，你丫的，诶呀我去，厚颜无耻，有病，太笨了，真是服了他，无语，太变态了，吹牛逼，无理取闹，操，你才是SB，你大爷的，人都死了吗，二流子，扑街，装B，听不懂人话','all','or','辱骂指责'),('f03b8579-d6e2-4f39-9739-b90670203331','，能听懂吗，没有白拿啊，没办法，我刚讲过的，怎么可能，你懂什么啊，这是常识，您说，我也没办法，急什么急，反馈不了，您听不懂吗，现在还没有，说，啥，解决不了，什么！，这是你说的，您这话说的，你先听我说，你理解错了，理解吗，您好好想想，再说一遍，明白了吗，你想怎么办，我再说一次，你去柜台吧，您说的不对，就是这样啊，您先听我说，这个很简单，我要投诉你，我是说，不要不耐心，你随意吧，只能这样了，您回答啊，你可以投诉，这是规定，我再说一遍，什么意思','all','or','沟通技巧'),('f2c55429-0fd0-4d98-b402-9963d277dfde','啊?，打断一下，你是说，听不清楚，没听到，这样可以吗，什么问题，您重复一下，什么鬼，慢一点，你再说一遍，没听明白，还是不懂，啊听不清，不懂，说什么鸟语，请听我说，对吗，什么意思啊，你再说一次，重复下好吗，啊，听不懂，你想怎样，啥，您再说一遍，你说错了，你什么意思，什么东西，不太理解，你要什么 ，什么，我不懂，你再说一下，我没有懂，刚刚没注意，没太听清，嗯，我不太懂，再说一遍，没有错吧，您刚说什么，你不懂我， 啊，我没太理解，我没听清楚，啊什么，您说什么呢，什么什么，换人换人，在重复一遍，请您说重点，你说的是，听不清，你问这个啊，没有听清楚，再重复一次，您说什么，你想弄哪样，叫什么，你要搞什么，你说啥，你慢点说，嗯嗯您说，你说什么，你的意思是，啊…，信号不太好，不是很理解，是这样吗，没听懂，什么意思，怎么了','all','or','把握需求'),('f7291178-4f6a-4136-8ac5-26b1beadf850','差不多行了，您不用找我，我也没办法，下次再说，我也不太懂，你可以去，我没有权限，你自己查，我明天休假，你找我没用，不归我们管，你找业务员，我，没有办法的，不归我管，我也不了解，我明天休息，不是我说的，我们看不见，我帮不了你，这个没办法，你去投诉吧，这是规定，现在不知道','all','or','推诿'),('fa46540f-78d8-4663-a2c8-1ab3be936d35','跑太远了，无声电话，，那我不管，太难刷了，要有个说法，我要投诉，这么麻烦，可打通了，已下表反馈，操你妈地！，你们搞鬼呀','all','or','换位思考');
/*!40000 ALTER TABLE `regex_text_analyzer` ENABLE KEYS */;
UNLOCK TABLES;

--
-- Table structure for table `SessionModel`
--

DROP TABLE IF EXISTS `SessionModel`;
/*!40101 SET @saved_cs_client     = @@character_set_client */;
/*!40101 SET character_set_client = utf8 */;
CREATE TABLE `SessionModel` (
  `id` varchar(300) NOT NULL,
  `user_id` varchar(300) NOT NULL,
  `created_at` datetime NOT NULL,
  PRIMARY KEY (`id`)
) ENGINE=InnoDB DEFAULT CHARSET=utf8;
/*!40101 SET character_set_client = @saved_cs_client */;

--
-- Dumping data for table `SessionModel`
--

LOCK TABLES `SessionModel` WRITE;
/*!40000 ALTER TABLE `SessionModel` DISABLE KEYS */;
INSERT INTO `SessionModel` VALUES ('58bfd1b4-a3f1-11e8-b67a-784f437148a2','1','2018-08-20 04:49:21');
/*!40000 ALTER TABLE `SessionModel` ENABLE KEYS */;
UNLOCK TABLES;

--
-- Table structure for table `smart_text_analyzer`
--

DROP TABLE IF EXISTS `smart_text_analyzer`;
/*!40101 SET @saved_cs_client     = @@character_set_client */;
/*!40101 SET character_set_client = utf8 */;
CREATE TABLE `smart_text_analyzer` (
  `id` varchar(128) NOT NULL,
  `matched_sentences` text,
  `prob` float NOT NULL DEFAULT '0.8',
  `target` varchar(200) DEFAULT 'all',
  `name` varchar(45) DEFAULT NULL,
  `matched_prob` float NOT NULL DEFAULT '0.95',
  PRIMARY KEY (`id`)
) ENGINE=InnoDB DEFAULT CHARSET=utf8;
/*!40101 SET character_set_client = @saved_cs_client */;

--
-- Dumping data for table `smart_text_analyzer`
--

LOCK TABLES `smart_text_analyzer` WRITE;
/*!40000 ALTER TABLE `smart_text_analyzer` DISABLE KEYS */;
INSERT INTO `smart_text_analyzer` VALUES ('2b755672-1c04-4574-b0aa-e445bca64841','不是这个意思\n我不是说这个\n你没听明白\n你没理解我的意思\n听不懂我说的话吗\n不是这样子的\n你说的不对\n你不懂\n你在说什么啊\n什么乱七八糟的\n完全不理解你的话\n我说东你说西\n有没有搞错啊\n你有在听我说吗\n听得懂人话吗\n我跟你都不在一个频道\n什么呀\n是这样的好吗\n听不懂是不是\n能不能理解了\n你的回答不是我要的\n我不是这个意思\n我的话你是不是没听明白啊\n你还要我重复一遍吗\n你有没有在听我的问题\n你说的是什么，我听不懂\n你能把我的问题再重复一遍吗\n我说的你怎么就不明白呢\n你知道我的意思是什么吗\n你把我的问题回答错了\n我可没这么问过哦\n我有说这个问题吗\n你是不是说偏了\n我说东你扯西\n我想表达的意思应该是这个\n停，我说的可不是这个\n你说的不对吧\n听你说的我怎么越来越糊涂了\n你说错了吧\n我打断一下你，我的意思很明白了\n不是这样的\n你弄错了\n你懂我说什么吗\n你明白我的意思吗\n你怎么就是不懂呢\n我表达没问题吧\n我问的是这个吗\n听不懂人话吗\n你是不是专业的\n我讲的还不清楚吗\n我讲的不是这个\n我们探讨的不是这个\n我纠结的不是这个\n我只想弄明白…，你不用..\n谢谢你告诉了我不想要的\n我们沟通没有任何意义\n我跟你白讲了吗\n只要回答我的问题就行\n你只要回答是或者不是\n我问什么你就答什么\n哎呀，你还是没听懂\n我是说\n我再说一次\n你是故意呛我么\n我的话你听不懂么\n你有没有在听我说话\n你是不是觉得我是个小客户就看不起我\n你到底是不是客服\n你到底是干么的\n我说的这么简单，你还没懂\n我要换客服\n找你们领导给我回电\n你停下，我来说\n你业务是不是不熟悉，这个都不明白\n我说的是这个，不是你说的那个\n你怎么这么笨，会不会接电话\n我觉得你就是属猪的，我都重复这么多次\n我不想跟你聊了，你真让我无语\n你真的太蠢了，聊不下去\n请正面回答我的问题\n你没有听懂我说的\n我不是这个意思\n我问的不是这个\n你说的不对吧\n不对呀\n是这样的吗\n我没有听懂\n你换个说法\n你在说什么\n我问剩余额度\n你这给我说的是什么呢\n我问的，你答的不对\n你再看一下\n我说的不是这个，你再查查\n你能认真听一下我说的吗\n你说的太复杂了\n你是新来的吧\n听不懂就换个人\n再说一次\n你这样字说，还是没解决我的问题\n你是新来的吧\n我再重复一下我的问题\n如果你不会让你领导来接\n我重新复述下我的问题\n我说了几次了\n你有没有认真在听\n你没有明白我的意思吗\n我不是要问这个问题\n为什么你一直不懂我的意思\n你说的是我这张卡的业务吗\n我重新打电话还个人接吧\n你难道没听懂？\n我讲的是普通话呀\n你能耐心听我所讲的业务再解答可以吗\n牛头不对马嘴\n你是怎么当客服的，没经过培训吗\n听不懂中国话呀\n你跟我说了半天，不是我要的\n你没睡醒吧，要不怎么听不懂\n我怎样才能跟你说明白我的问题\n我讲的是普通话呀\n你能耐心听我所讲的业务再解答可以吗\n你说的根本不是我想问的\n你能不能回答我的问题\n不是这个活动\n是另外一个\n你怎么听不懂呢\n哎呀妈呀\n你给我换个人\n你自己去听一下你刚才说的话，牛头不对马嘴\n你知道你在说什么吗？\n姑娘，我听不懂\n你就告诉我是不是\n对不对？\n明白了吗？\n听懂了吗？\n听清楚了吗？\n你没带脑子啊\n我问的这个，你就非给我回答那个！\n你跟我在这扯呢\n你没有明白我的问题吗？\n不是你理解的这样\n我没有表达清楚吗？\n我再说一次我的意思！\n你能认真听我说什么吗？\n跟你真的没法沟通了，麻烦换个人吧\n你能解决我说的问题吗\n你是新来的吧，我说了这么多都听不懂\n你有在听我说话吗\n真是够了，怎么碰到你这样的客服，完全是对牛弹琴\n你不懂就不要乱回答\n算了，反正你也不懂，跟你说下去也是浪费时间\n你没睡醒吗\n你耳朵有问题吗\n你确定听懂了我的问题吗\n你刚刚干啥去了，我都白说了吗\n你的业务不熟吗\n你到底在说什么？是我没数清楚吗\n麻烦你先去听听我说了什么再来回答我\n你完全都不知道我的需求，找你们经理来跟我沟通吧\n你有没有在听我说话？\n你说什么？\n我不是这个意思\n我刚才说什么了？\n你有没有听到我说什么\n你耳朵聋了吗？\n你新来的吧？\n你别给我打马虎眼\n我是想\n什么 什么 什么\n什么乱七八糟的\n你咋比我还糊涂\n听不懂吗？\n我的需求是\n能不能搞清楚我的问题\n你还不清楚吗？\n跟你沟通咋那么费劲呢？\n我再说一遍我的问题是\n你耳朵塞驴毛了？\n搞不懂你在说什么\n你没理解\n不是这个意思\n你傻吗\n你不合适这份工作\n你的聆听力有问题\n我不需要这个\n你解释错了\n我怎么听不明白你说的\n你是不是傻我说什么你听不懂？\n你到底有没有理解我的需求\n我也是懒得再说一遍\n你在开玩笑吗\n我对你的理解力无语了\n行吧随便你怎么说\n好了好了就这样吧\n你说什么？\n你压根没解释清楚\n你说的我听不懂\n算了算了换个人\n麻烦你先想想再说好吗？\n你有没有仔细听我说的什么\n我不是要查这个\n你说的什么玩意\n你能不能行了\n你听不懂就换个人接\n我不想和你说了，你根本听不明白\n你查的不对\n你可能没听清我说的什么\n我再把问题重新说一次\n你都在说什么鬼\n耳朵没毛病吧\n你根本没有理解我说的\n可以换个人接吗\n你说的这些都没有我要的\n我已经说的很清楚了吧\n你是不是才工作\n你真的会吗\n你是不是新来的\n你在回答我说的吗\n怎么招了这种听不懂话的人\n你能不能听懂\n你怎么还是听不懂\n你是新来的把，什么都不懂\n换个人接，我说的你都不知道\n我已经说了很多遍了\n我已经不想再说一次，你自己听录音吧\n你不会就换人接\n我再讲一次\n我说的你还不清楚吗\n你自己去想想吧\n是你没有认真听啊\n你查的不对吧\n你说的是错的\n你根本就没有听懂我说的是什么\n你能好好听我说吗\n你说的是我说的这个问题吗\n你讲的是真的吗\n能正面回答我的问题吗\n能好好说话吗\n你说的是什么玩样啊\n你不明白我说什么吗\n我说的不是这个意思\n这不是我的想法啊\n你说的什么乱七八糟的，都不是我问的\n我说话你听不懂啊\n你是不是没有听我说什么\n你理解是不是有问题\n我问的是这个吗\n你是不是不知道在这瞎说呢\n我不用你说这么多，我只要知道是什么时候前刷够\n你是不是有病啊\n你能不能好好学学人家招商银行\n你是不是没好好培训\n你工作能力这么差吗\n你吃错药了吧\n你是不是傻\n你还能不能明白我的意思了\n你是不是查错了\n你要不然换个人吧\n你很热情用心，但是你怕是个弱智吧\n我问欠款多少钱\n你说什么呢\n还是这样的\n你听没听懂我的问题\n能不能换个人接电话\n你怎么就听不懂呢\n不想听你说了\n能不能简单点说\n我没听懂\n你的回答不是我要的\n我不是这个意思\n我的话你是不是没听明白啊\n你还要我重复一遍吗\n你有没有在听我的问题\n你说的是什么，我听不懂\n你能把我的问题再重复一遍吗\n我说的你怎么就不明白呢\n你知道我的意思是什么吗\n你把我的问题回答错了\n我可没这么问过哦\n我有说这个问题吗\n你是不是说偏了\n我说东你扯西\n我想表达的意思应该是这个\n停，我说的可不是这个\n你说的不对吧\n听你说的我怎么越来越糊涂了\n你说错了吧\n我打断一下你，我的意思很明白了\n加急怎么加急\n你们就这样的态度是吧\n上天了，都没有老百姓的活路了\n跟我有关系吗\n什么叫我自己\n我看我也没享受到过\n我这个月账单不是出来了吗\n要改一下这个月怎么弄\n你们不是有记录吗，看一下不就知道了\n有记录看一下不就行了吗\n听不懂人话吗/听不懂普通话吗\n你们银行就是诈骗\n我不要了还不行\n需不需要告诉你们一下\n明天就不用再来电话了呗\n就完事了呗\n到底是什么问题嘛\n应该怎么做，你们要通知啊\n你们中信怎么搞成这样，这样以后谁敢用\n像这种情况怎么做嘛\n都是乱来的\n能听到吗\n为啥你们打电话不给我说清楚呢\n怎么弄怎么投诉\n你们糊弄人嘛，不说清楚\n还少了差了就赖你啊\n你知道这个事吗？\n我的意思是。。。\n我问的是。。。\n你没有明白我的意思\n我是说。。。\n你还是没有理解我说的 \n我再说一遍，你仔细听一下\n我没问你。。。\n你听不懂人话吗？换一个人客服好吗\n你是新来的吗，这都不懂\n我说了三遍了，你有在听吗\n我不想跟你说话了\n真被你打败了\n这有这么难理解吗\n你还是没有听明白，我再说一遍\n是你理解有问题，还是我没有说明白\n你说的都是什么乱七八糟的东西\n你耳朵是聋了吗\n什么什么东西\n跟你沟通怎么这么费劲呢\n不是这样的\n你弄错了\n你懂我说什么吗\n你明白我的意思吗\n你怎么就是不懂呢\n我表达没问题吧\n我问的是这个吗\n听不懂人话吗\n你是不是专业的\n我讲的还不清楚吗\n我讲的不是这个\n我们探讨的不是这个\n我纠结的不是这个\n我只想弄明白…，你不用..\n谢谢你告诉了我不想要的\n我们沟通没有任何意义\n我跟你白讲了吗\n只要回答我的问题就行\n你只要回答是或者不是\n我问什么你就答什么\n不是这样的\n你没有明白我的意思\n我不是查询账单\n我的意思是\n你还不明白\n我都不懂你在说什么\n我问的是账单，不是额度\n你在说什么，你听清我问什么了吗\n怎么搞的，我都说好几次了，还不知道\n你是不是专业的\n你到底知不知道\n你还没有解答我的问题\n你不懂，不知道，就给我换人\n你怎么在听的，我刚刚问的什么\n真不知道你们怎么培训的，这么简单的业务，都十几分钟了还没有解答\n我怀疑你根本没有听我说话\n你听不懂吗\n都说多少次了，还听不懂\n我的普通话有这么不标准吗，你这么难理解\n我不是问这个问题\n您没懂我的意思\n您还不明白吗\n我不是这个意思\n是不是新来的\n大哥 我说了好多遍了\n你听不懂普通话吗\n你是来和我搞笑的吗\n我再讲一次，如果听不清楚就换个人吧\n你耳朵有问题？\n你好好想想我说的什么意思\n是不是我说的不明白啊\n我再给你说一下\n我不是这个意思\n你说的我也不懂\n你在吗？听清楚了吗？\n你自己听听录音吧\n你听不懂，找个能听懂的吧\n你是听不明白人话吗\n天啊，这都不明白\n你说了半天都不是我想要的\n不是，你听懂我说的了吗？\n不是，我的意思是说…\n你还没明白我的意思，我是说…\n我再跟你说一遍\n你到底明不明白我的意思呀\n明白了吗？\n听懂了吗？\n听清楚了吗？\n你回电之前有没有听以前的电话呀？\n回听了，你还不知道我说什么呀？\n我说的是可用额度不是总额度\n我要查的是总欠款不是当期账单\n能听懂人话不\n真是牛头不对马嘴呀\n我刚问的是这个么，我问的是…\n你再回想一下我刚问的问题吧\n你怎么就不明白我的意思呢\n你再重复一下我刚说什么了\n我就没问这个\n你这个不是答非所问嘛~\n你有没有明白我的意思\n你正面回应我的问题可以吗？\n我问什么你答什么就可以，不要说其他的\n你在说什么呢，我说的不是这个\n你到底有没有听清我的话\n你知不知道你在说什么\n我怎么觉得跟你无法沟通呢？\n是我表达有问题还是你理解有问题\n你别给我扯别的，现在就给我解答这个问题就可以\n你到底行不行，不行给我换个人\n是地区问题吗？我怎么理解不了你们南方人的话呢\n我已经重复几遍了，你听明白没有\n是要我再重复我的问题吗？\n我从来没有觉得跟一个人沟通这么费劲\n我跟你沟通有障碍\n算了，我没有办法跟你沟通\n请你再重复一遍我的需求\n我再说一遍，你仔细听好\n我真是在对牛弹琴\n我说了这么多你是完全没听懂是吗？\n我说的不是这个意思\n你都没听明白我的话\n你能不能听明白再回答我\n你没有解决我的问题\n都不知道你在说什么\n哎啊，你们换个能说明白的人来\n你是不是听不懂人说话\n给我换个人\n你是新来的把\n说了那么久我们不在同一频道上\n我不想跟你说了\n跟你说话都被气死了\n你说你是不是傻逼\n你都答非所问\n你到底明白我说什么没有？\n我说的有那么难理解吗？\n你的理解能力是不是有问题？\n你是没有用心听我说是吗？\n你说你怎么回事啊，我说的还不够明白吗？\n你能不能不要扯别的，你就告诉我是不是就行了\n小伙子，难道你不明白我说什么吗\n我说的不是这个意思，你傻吗?\n这不是我的想法啊,你听懂了吗\n你说什么呢？\n我说话你听不懂啊，要不要再说一遍\n你是不是没有听我说什么，咋那么烦人\n你理解是不是有问题，猪吗\n我问的不是这个\n你是不是不知道在这瞎说呢，找你们领导\n我不用你说这么多，我只要知道是什么时候前刷够\n你是不是有病啊，我说的是这个意思吗\n你能不能好好学学人家交通银行，客服素质真高\n你是不是没好好培训，实习生吧，我问的是这个吗\n你工作能力这么差吗，算个数这么长时间，还不是我问的\n你再说一遍，问的是这个吗\n你是不是傻，你把我的问题再说一遍\n你还能不能明白我的意思了\n别说了，让您们领导回复\n你要不然换个人吧，听不懂您说什么\n你说的是什么玩意儿\n通话有录音跟我有什么关系！\n你到底能不能听懂我什么意思？\n你都在说什么，你有上岗资格吗？\n怎么我说的不是普通话吗，你为什么听不懂！\n你大学毕业了吗，你坐这儿接电话，你整不明白！\n你听都听不明白，你当什么客服？\n能我问什么，你就回答什么吗？\n我问的A，你就非给我回答B！\n你带脑子上班了吗，你自己听听你说的都是啥！\n我问的根本不是这个意思好吗！\n你跟我说了半天，你目的是什么？\n你们那个客服是不是听不懂人话？\n我还是听不明白！\n你现在说的我完全听不明白！\n你现在回答我的跟我的疑问完全没有关系，好吗？\n我觉得我说的已经很清楚了，你回答的驴唇不对马嘴！\n怎么了，你没听懂啊，没明白我的意思吗？\n我就不明白了，这么点破事儿，你怎么就能理解错呢？\n谁让你给我查欠款了，我说给我查额度！\n我最后再说一遍，你要再不回答我的问题，你就给我换人吧！\n是你傻还是我傻呀，难道我问问题我还问错了吗？\n我问一句，你就答一句，别东扯西扯的\n你到底能不能听懂我说的啊\n我问的是这个，你别跟我扯其他的进来好吗 \n我纠结的不是这个问题 \n我表达没问题啊，你怎么就不明白我要查的呢 \n跟你白讲了，你找你们主管接电话 \n我再跟你将最后一遍，你不懂就问你们主管去 \n你到底有没有认真听我说话，听懂了再回答我 \n你是不是刚来的啊，怎么我问的，你要查那么久\n能不能直接回答我的问题，不要跟我解释那么多\n我要的不是这个，你再好好查下\n我问的是这个问题，你告诉我的你肯定是对的吗？\n算了，不跟你讲了，我重新再打电话算了 \n你能别着急跟我解释吗，你能查清楚再回答我吗？\n跟我换个人，我不想浪费我的时间\n你业务不熟，怎么就上岗了，找你们领导赶紧给我回电 \n到底是我的问题，还是你的问题，你能查清楚再回答我吗 \n我就告诉我，对还是不对，我不想听你解释其他的\n我说的那么简单，你居然告诉我其他的我不想要的\n你到底是不是客服，不懂就别接我电话，赶紧给我换一个专业客服来 \n你还是没听我我的意思，我再说一遍\n我已经说了很多遍了\n你到底能不能听明白\n你赶紧给我换个人，我不想再跟你沟通了\n你怎么就听不明白呢\n我跟你说话可累死了\n你新来的吧\n你能不能听懂，听不懂赶紧给我换个人\n明白了吗\n听懂了吗\n我再重复一遍，你听清楚了\n你到底会不会\n我都说了这么半天了你还没明白呢\n你没带耳朵上班吗\n你这理解能力我真是服了\n你语文是体育老师教的吗\n你听不懂人话吗\n我刚刚已经说的很清楚了你到底有没有在听\n你把我说的话当放屁了是么\n我说的话有这么难理解吗\n你怎么那么笨啊！我不是这个意思\n你是新员工吗？怎么听不懂人话呢？\n我都说了，我不是这个意思，都说了很多遍了\n你要是听不懂人话，你换一个人来接\n你有培训过吗？怎么都听不懂呢？\n我都说了很多遍了，你会不会这个业务了\n你要是不会这个业务，你能不能给我换一个人啊！\n你怎么还没有懂啊！\n你到底会不会啊！怎么我问东你答西啊！\n你是听不懂人话吗？\n你怎么总不回答重点啊？\n你怎么回事啊？能不能解决我的问题了啊？\n你理解是不是有问题啊？\n你不知道在这瞎说啊？\n你会打字吗？你要是听不懂人话，就把我的话，写下来？\n你蠢啊！会不会重复问题了？\n我真的不知道是你的智商有问题还是怎么了？怎么就听不懂人话了呢？\n你连复述个话都不会啊？中信怎么有你这样的客服啊？\n你说的是什么跟个什么啊？瞎说吗？\n我是时间要收费的啊？你懂不懂普通话了，不懂给我交学费，我教你普通话？\n你没有听懂我说的\n我不是这个意思\n我问的不是这个\n你说的不对吧\n不对呀\n是这样的吗\n我没有听懂\n你换个说法\n你在说什么\n我问剩余额度\n你这给我说的是什么呢\n我问的，你答的不对\n你再看一下\n我说的不是这个，你再查查\n你能认真听一下我说的吗\n你说的太复杂了\n你是新来的吧\n听不懂就换个人\n再说一次\n你这样字说，还是没解决我的问题\n客户问升级额度是否变化，同事只告知：此次升级，主要是给您的服务提升，额度的话，只要您后期保持良好用卡，符合调整，我行会主动调整。\n我说的你怎么就不明白呢\n不是，你没理解我的意思，你听我说\n我问的不是这个\n什么鬼？\n你先听我说好吧\n你就没理解我说的，听我说好吧\n你看错了吧\n你说错了吧\n说的都是些什么啊\n简直胡说八道\n你胡说/瞎扯\n你就说对不对，别给我整这有的没的\n是不是就就一句话\n我都怀疑我是不是打错电话了，是你们中信银行是吧\n你是客服吧？怎么说出的话完全不是我要的\n新来的？实习生？\n你再说一次，我问的是这个问题\n认真回答一下我的问题\n带着脑子说话行吗\n你没明白我的意思\n哎呀，说了这么久，你怎么就是不懂呢 \n我不想和你说了，给我换个人\n你在听我说么？\n听到我说什么么？\n喂，在么\n喂，在听么\n是我普通话不标准么？\n不是，我不是这个意思\n你来上班多久了，你怎么连客户问什么都听不懂\n我说话你怎么听不懂呢\n啊，你再说什么啊\n你听不懂普通话么\n你是怎么上岗的，连话都听不懂\n不是啊，我刚说的是XXX\n你能不能听明白我的意思，和你说话怎么那么费劲\n能理解人话吗？\n我再说一遍\n你是新来的吧，怎么这么久还是说不明白\n怎么怎么说，你就是不明白呢\n我是说\n你说什么？\n不是，我的意思是\n你在说什么东西啊？\n我的意思是说\n你能不能听懂了再说？\n你在想什么呢？我的意思是\n你不懂就别瞎说好不好?\n能换个专业的人来接电话吗？\n你别跟我扯些不相干的事情？\n你行不行啊？不行赶紧换人\n听不懂人话吗？\n我再说最后一次，你听清楚了\n你要我说多少遍，你才能听懂？\n我真是服了你了？\n你怎么这么蠢啊？\n浪费我这么久的时间？\n白跟你讲了这么多遍\n你要是听不懂，你早说啊？\n你知道我在说什么吗？\n不是，我说的是……\n你听不懂话吗\n你怎么就不明白呢\n别说些没用的我都知道\n你就直接说我到底应该怎么办\n我都说了几遍了\n你说些啥呢你知道我问的什么吗\n你说的跟我温暖的有什么关系吗\n你是不是太不专业了我问的是……\n你说的不是我想要的答案\n是我没说清楚吗你怎么就听不懂呢\n你说的什么乱七八糟的\n你知道我问的什么吗就东扯西扯的\n停停停，我的意思你根本没有明白\n我再说一遍啊你听清我说的啥\n真的是不想跟你说了，问啥都不知道\n我不是这个意思，我想说的是……\n行了你别说了，你都不知道我问的什么\n你这是在浪费我时间，我都重复了好几遍了\n你根本就什么都不懂，说的什么鬼\n不明白我问的什么吗\n你有没有听我说话\n我问的不是这个\n你怎么就不明白呢\n说不明白给我换个人\n你知不知道我问的啥\n不是，是这期账单\n你专心点\n我再问你一遍\n我刚问的不是这个\n你想什么呢\n接电话呢，梦游呢\n你这个工作做的不行\n我还得再重新讲是吧\n你在不在线\n不是这样的，我的意思是\n你知道你说的啥嘛\n我不想再重复我的问题了\n算了不问了，也说不明白\n我自己查吧，你也不知道\n你的理解能力怎么那么差？\n你能听懂人话吗？\n我的表达能力有那么差吗？\n你是不是智商有点问题？\n你是猪吗？\n你能听清楚我说什么吗？\n能不能换个人\n你知道我要办理什么业务吗？\n你不要胡说八道\n你能认真听我说吗？\n你的业务解答不是我要的\n我都被你绕晕\n你说那么多，重点是什么\n你怎么一句话来回说\n你是新来的吗？业务那么差\n我再说一遍\n你有在听我说话吗？\n跟你沟通怎么这么费劲？\n你这个人说话有问题\n能不能说重点\n你怎么还是不懂呢\n你有在听我说么\n喂\n你还在么\n你说的我没懂\n你是不是新来的\n我说的不是这个意思\n不是，我是要\n你没理解我的意思\n说了那么久怎么都不在一条线上\n你在说什么啊\n跟你沟通太费劲\n你没听懂我的意思\n我要办理什么业务你没听到么\n你能说人话么\n换一个人可以吗\n你是新来的吧\n说了半天还没明白\n哎，不想说了\n我说了好几遍了\n不是这个意思\n你听不懂吗？\n你没带耳朵出门？\n我再和你说一次\n没法和你沟通，换人\n和你说话真费劲\n你没有GET到我的点\n我去，你能听懂人话吗\n在听吗？\n你业务太差，对牛弹琴，我要换人\n你先听我说完，不要答非所问\n算了，我重新打吧\n和你说了也白说，你都听不懂\n能听懂人话吗\n 我再重复一遍，麻烦用你的脑子记\n 你再说什么，一句听不懂\n我不是这个意思，我是说\n你是不是理解有问题\n 我刚刚说了一遍，你听不懂吗\n麻烦换人沟通，你业务太差，浪费时间\n你有没有在听我说话？\n你说什么？\n我不是这个意思\n我刚才说什么了？\n你有没有听到我说什么\n你耳朵聋了吗？\n你新来的吧？\n你别给我打马虎眼\n我是想\n什么 什么 什么\n什么乱七八糟的\n你咋比我还糊涂\n听不懂吗？\n我的需求是\n能不能搞清楚我的问题\n你还不清楚吗？\n跟你沟通咋那么费劲呢？\n我再说一遍我的问题是\n你耳朵塞驴毛了？\n搞不懂你在说什么\n你到底明不明白\n你别给我扯别的\n你跟我在这扯呢\n你到底行不行，不行给我换个人\n你能正面回答我的问题吗？\n算了，咱们沟通不了，让你们领导接电话\n我问什么你答什么就可以，不要说其他的\n你在说什么呢\n我怎么觉得跟你无法沟通呢？\n是我表达有问题还是你理解有问题\n你到底有没有听懂我说什么\n你知不知道你在说什么\n我已经重复好几遍了，你听明白没有\n我问的这个，你就非给我回答那个！\n你自己去听一下你刚才说的话，牛头不对马嘴\n不是这个，是另一个\n不是，我说的是……\n你没有明白我的意思。\n你理解错误了。\n你回答的不是我想要的东西。\n你说啥呢，不知道你说啥。\n你解释错了，我想知道的是……\n你查询错误了，我想要的不是这个。\n我表达的不清楚么，你都没有理解对。\n你听的是啥呢，我说的不是这个。\n你换个人吧，你听不懂我说的。\n你说这么多，我都不理解。\n你解释的是其他业务吧。\n你理解能力很差，能换个人么？\n你先理解好我的问题再回答我。\n你能认真听我说，理解好了再回答么？\n你是新员工吧，理解这么差。\n你怎么半天都搞不明白事情呀。\n不是这样的，不是这样\n你听不懂我说啥吗？\n不对，你说的不对，我要问的是……\n什么？\n我是说。。。。\n我不是这个意思\n我的意思是。。。\n我问什么你答什么\n换个客服吧 我听不懂你说什么\n不是，你没有明白我的意思\n你在说什么！\n让你主管接电话\n你有没有听明白我的意思\n刚才不是跟你说了嘛\n你听不懂啊\n跟你说话这么费劲呢\n正面回答我的问题\n给我换一个客服\n我都重复了这么多次你还不懂\n你到底有没有在听\n你到底懂不懂\n你怎么跟猪一样说这么多次不明白\n简直答非所问\n你是故意呛我吗\n你说的什么鬼\n你是不是新来的啊\n瞎JB乱说\n我说的你怎么就不明白呢\n我问的什么你给我再说说\n胡扯\n听不懂吗\n还要我再重复一遍吗\n你说的不是我问的\n你知不知道我在说什么\n我的这个，你非得给我说其他的，你什么意思\n你就告诉我是不是，扯那么多其他的干什么\n我问欠款多少钱\n你说什么呢\n不是这样的\n你听没听懂我的问题\n能不能换个人接电话\n你怎么就听不懂呢\n不想听你说了\n能不能简单点说\n我没听懂\n你在说一遍\n好好重新说\n能不能听懂人话\n你说的不对\n不是这个意思 \n你在说什么呢\n你自己理一下，再重新说一下\n乱七八糟的，说啥呢\n我问的是什么问题\n能不能说明白了\n你说的我都听不懂\n不是，你没有明白我的意思\n我问的是\n懒得跟你讲\n你咋这么笨呢\n我说了这么多遍，你都不能理解\n你这个客服是新来的吧\n你的工号是多少\n我不想跟你说，换人说\n换个客服\n你这智商咋做客服\n中信是不是缺人，咋招了你这破玩意\n你就只适合扫厕所\n你跟我说下，你到底让我讲多少遍，你才明白\n你以为我是好脾气是吧\n什么人呀\n说人话懂吗？\n跟你说话真费劲\n哎呀我滴妈呀！你能不能行呀\n换个你主管来接\n换你旁边的那人接\n你说是啥玩意\n你在念三字经呀\n我问什么你答什么\n账单金额多的金额，是怎么来的，你回答什么啊\n你是要查询具体交易明细吗\n我已经重复多次，你听不懂是吗\n你刚刚说的不是\n什么意思，我不明白，你说的什么意思\n你别说那么废话，我问什么你答什么就可以\n我说的时候，你听好再回答，别回答一些乱七八糟的东西\n我刚刚跟你说的是要查询这个业务，你问我要办理什么，\n你是不明白我说的吗\n你理解能太差了\n我查询的东西，你都没有说到点上\n能换一个客服吗\n跟你说话太费经了，说的都听不懂\n我跟你说的，你是听不明白吗\n你在说一遍\n我说',0.5,'all','答非所问',0.5),('592cb7e5-26b3-4f94-8b9a-2bba0d952a3b','无语\n变态\n傻子一样\n傻逼\n真烦\n傻缺\n啰嗦\n反应迟钝\n蠢货\n脑子进水了吧\n脑子有问题\n是不是傻\n听不懂人话\n一根筋吧\n贱人就是矫情\n烦死了\n宝里宝气\n不能好好说话吗\n凶什么凶\n铁公鸡\n真的蠢\n这都听不懂，你是猪啊\n你才是SB\n你是吃饱了撑的\n懒得和你这种没素质的人说话\n智障\n说完了吗，你跟我叨逼叨什么\n你真是蠢得无可救药\n你说话声音怎么那么难听\n听你说话就觉得恶心\n我受够你了\n不要跟我讲这些没用的\n你活该\n你怎么这么啰嗦\n你怎么这么没有素质\n听你说话都觉得烦\n别跟我讲这些没用的，爱用不用\n你听明白了吗\n你怎么不去死\n你脑袋被门夹了吧\n真恶心\n有病吧\n卧槽\n草泥马\n智障\n骚逼\nfuck\nbitch\n狗日的\n吃屎去吧\n傻逼\n二傻\n脑子有坑\n吃饱了撑着\n狗比\n神经病\n傻x\n烦人\n想得美\n变态\n他妈的\n神经病\n我也是醉了\n傻逼\n怎么会有这种人\n太特么不要脸了把\n无语了\n真受不了你\n能不能正常点\n不贪小便宜会死么\n额度不能调我也没有办法，谁让你套现\n谁让你欠钱不还，还来怪我们\n我特么也不欠你的呀\n你有病么，一来就乱叫\n你脑子进地沟油了把\n诅咒你\n不要跟你说话了，没意思\n就你这种人，送给我我都不要\n麻烦有多远滚多远，越快越好\n二傻子\n神经病\n不要脸\n是弱智吗\n听不懂人话呀\n会不会讲话\n智障呀\n这个客户好笨\n是不是傻\n你是得了癌症吧\n怎么讲话的\n妈的\n什么鬼\n什么都不懂\n讲的这么明白还挺不懂，真是的\n什么人\n这客户就是找茬的\n很讨厌这种客户\n去死吧\n我靠\n说的是人话吗\n傻逼玩意\n智障\n去你的\n去你妈的\n傻子\n你大爷的\n神经病\n脑子进水\n脑子有病\n你有毒\n狗日的\n听不懂人话\n扑街\n丢雷老母\n妹的\n欠债还钱\n不要脸\n这是你的问题\n凭什么\n想太多\n脑子有病\n傻B客户\n傻客户\n卧槽\n你自己不知道啊\n听不懂人话\n有毛病\n客户不要脸\n你妹啊\n狗客户\n二傻子\n是猪啊\n去死吧\n变态啊\n白痴\n智商\n神经病\n装B\n吃屎去\n以为自己是大爷啊\n你听不懂吗？\n耳聋吗\n神经病\n没素质\n简直有病\n疯狗一样\n傻逼\n没钱还装逼\n智障吗\n脑子进水了\n贱人\n智商TM真低\n这种人就该找不到老婆\n没吃药吧\n你全家都不会有好下场\n真不要脸\n这么爱占便宜\n听声音就知道长得丑\n这种客户真是可恶\n白痴\n我去\n我操\n靠\n妈的\n我操你妈\n我靠，傻逼\n这也太蠢了\n这客户太笨了\n你以为你是谁啊\n不可理喻\n这个客户好气人哪\n也太把自己当回事了\n王彦飞又来电话了\n气死我了\n今天的傻逼客户怎么这么多\n这些都是怎么了\n太变态了\n好恶心哪\n脑子被驴踢了\n活该\n你听不懂人话吗？\n你摸着自己良心我有说错吗？\n真的是讨厌\n傻逼玩意\n遇到你真是到了血霉了\n烦人呐\n贱人\n你个臭鸡蛋\n狗屎\n脑残\n您不要脸吗，这种话都能说出来\n见过傻的没见过这么傻的\n妈卖批\n没家教\n早死早好\n去死吧你个傻逼\n二傻子\n脑子装浆糊了吧\n脑子有屎\nTMD贱人就是矫情\n你是智障吗\n听不懂人话啊\n愚不可及\n傻B，傻帽\n脸皮真厚\n活该倒霉\n你这人真恶心\n无法理解你脑袋装了什么\n接到这个电话真倒霉\n自己听不懂，还BBBBB\n和这种人没法沟通\n不知道你有什么可牛逼的\n拽什么拽，就你厉害\n这种人活着有什么用\n缺心眼的东西\n脑残应该去治治\n你是变态啊\n这人怕是个傻子\n真的是没救了\n有毒啊\n你有病吧\n傻B\n没素质\n没教养\n真的不要脸\n有毛病吧\n有病\n听不懂人话\n你大爷的\n傻缺\n变态吧\n死变态\n我靠\n真心不要脸\n智障吧\n脑子进水了\n脑子里是浆糊吧\n今天没有吃药吧\n智商被XX吃了\n没见过这么不要脸的\n有毛病吧\n臭不要脸\n个傻逼\n去你妈的\n你个猪脑啊\n奶奶个熊\n个弱智\n吃炸药了是吗\n个死逼\n爱死不死\n个丧门\n嘴里淌黄脓是的\n个山炮\n马勒个鸡的\n个损逼\n不要个逼脸了\n给你个大嘴巴子\n臭瘪犊子\n挨千刀的\n一口大黄痰吐你脸上\n咋就听不懂呢，无语\n阿西吧\n差不多得了\n说够了没\n嘚不嘚的还烦\n脑子秀逗了\n迟钝呢\n啥意思，你想干哈\n有问题吧\n有病吧\n吃多了无处释放呀\n脑回路够长\n不要脸\n二皮脸\n厚颜无耻\n自以为是\n不懂装懂\n规则都是你定的\n银行你家开的\n诶呀，我去\n是不是傻\n客人有病吧\n账户就是这样的\n太笨了\n能不能行了\n没有搞毛线啊\n您是持卡人本人吗”\n您先听我讲完，好吗\n您不懂才会来电，我们才会帮您解决的，对不对\n我就是这样讲的”\n这个你不用管了\n不会收您挂失费，这个问题咱们已经沟通过了\n相信你是一个讲素质，讲道理的人\n客户是进线电话是普金，问的问题是白金问题\n您有没有听我说完啊\n如果您不愿意还\n既然您这么信任他们的话我建议您可以考虑一下您自己的概念吧\n如我没用卡，不知道怎么兑换，我们上班不能拿手机等等\n银行没有有义务天天提示你还款\n你自己原因导致的，银行不应该承担\n您再说一次吧\n没听清楚，您刚刚说的是什么\n您说的是不是这个意思\n您的意思我好像有点不明白\n您能把您的问题描述详细一点吗\n我还是不很清楚您的意思\n您的意思可能描述的不够清楚\n我可以不可以这么理解\n差不多是这个意思吧\n有可能是信号不好，没有听清楚\n我这么理解您的意思对不对\n很抱歉，我是没有听明白\n不好意思你能说再大声点吗\n你的意思我真的不明白，有没有旁边的人帮你再讲一遍\n我想这应该差不多就是你的意思了吧\n我还是理解不了你的意思\n你说的太复杂了\n你说的我听不明白\n听您说话有点点累\n难道不是这个意思吗\n我们已经尽到义务了，是你自己没有看短信\n傻帽\n老女人/老男人\n变态\n恶心死了\n这是什么人啊\n怎么这么烦人啊，还不挂线\n是不是傻啊\n你不知道杀人会坐牢，你会杀人吗\n中国有你那么多法律，你哪一条知道，是不是很多条不知道，你可以不准守吗\n不知道是不是疯了\n他妈的一个投诉\n他妈的还不肯挂电话，好烦哦\n没有搞毛线啊\n是我服了你\n你有看账单吗？是你说的不是我说的\n问这个有什么意义呢？\n卧槽\n我kao\n妈的\n傻逼\n这个神经病\n蠢的跟猪一样\n听不懂人话\n脑残\n二货市场来的\n这头猪\n你去死吧\n你咋不撞墙去呢\n我真的服了你了\n大哥，我说了很多遍了，还没有明白吗\n死变态\n脑子进水\n傻X\n你大爷的\n二货\nTMD\n真恶心\n有病吧\n卧槽\n草泥马\n智障\n骚逼\nfuck\nbitch\n狗日的\n吃屎去吧\n傻逼\n二傻\n脑子有坑\n吃饱了撑着\n狗比\n神经病\n傻x\n烦人\n想得美\n变态\n您自己登记的不知道吗？\n那您别取现金啊，别在我们银行取现金啊\n这是我第三次给您说了\n您说清楚点好吗\n是您刚刚没有说清楚\n这么简单，还不明白\n不是您这样理解的\n我都不知道怎样和您沟通了\n您自己消费了多少，您不知道吗\n操\n遇到个神经病\n说了这么多次，还不知道，白痴\n傻逼\nShit\n说了这么多次，还不知道，妈的\n脑子有问题\n这么笨，用什么信用卡\n您好好说话\n您一直在说话，我说什么\n您先弄明白了再问\n神经病\n有病\n笨死了\n傻逼\n变态\n听不懂人话\n和猪一样\n蠢货\n跟个智障一样\n不会听人话\n去死吧\n不正常\n这个人肯定疯了\n畜生\n缺德\n有什么可显摆的啊\n不如死了算了\n脑残\n没素质\n没上过学\n有病吧\n变态\n脑子不好使\n都什么人呀\n我去\nMD\nCAO\n真的是蠢死了\n说你妹啊说，傻子\n是我服了你\n遇到问题你去找警察，我们银行也不是救济机构\n他妈的一个投诉\n妈的还不肯挂电话，好烦\n去死吧\n真TM变态\n神经病\n傻不拉几的\n脑子进水了\n脑子绣了\n见鬼了\n我真服了你了，还了这么久款都不知道规则\nMD，神经病！\n真是脑残，说这么久都不懂\nSB\n智障\n你自己把信息泄露了，怪谁呢\n草\n你妹的\n真是脑子有病\n靠，去死吧\n真是变态\n脑子被门夹了\n耳朵有问题\n真是贱人\n蠢货\n垃圾\n恶心\n这种人这么不去死呢\n傻X\n贱货\n你怎么听不懂我说的\n我刚才跟你说了不是这样的\n我刚才跟你说了，你听不明白吗？\n不是这样的先生，你先听我说完好吗？\n你都不听我说完你怎么知道我要说什么呢？\n跟你讲不明白\n你跟我说那么多也没有用\n我真的服了，你都用了那么久了你不知道吗？\n平时不是你自己还款的吗？都还了那么久了\n神经病\n傻逼\n艹\n去死吧这种人\n妈的\n卧槽\n有病\n我等下就跟你讲，还没讲到呢，你听我说就行了\n你不要总是打断我好吗？\n我都不知道怎么解释你才能明白\n这样你都不懂吗？\n神经病\n倒霉彪子\n脑子有病\n什么玩意儿\n倒霉样儿\n傻*\n癞蛤蟆不咬银，各样银\n各样银劲\n艹\n我去····\n哎呦妈呀\n烦银劲\n卧槽\n去死吧\n怎么不去死\n哼，什么玩意儿\n什么倒霉玩意儿\n怎么跟撒*一样\n真是个撒*\n赶紧滚吧\n他妈的还不肯挂电话了！\n有个分行专线的人不知道是不是疯了！\n要找吕总，很冲，非常拽！不知道怎么了，跟疯了一样！\n请问你在银行工作多少年啊！\n他妈的一个投诉！\n精神不好吧！\n您自己没还款，为什么我们要给您删除不良记录！\n遇到一个傻逼！\n您这不是难为我吗！\n您不让我说话，我怎么告知您呢！\n他妈的有病吧！\n说你妹啊说，傻子！\n你也是成年人了啊！\n您看您这要求又多了啊！\n您试想一下，您欠了银行这么多钱，您就还个一两百，足够吗？\n是您自己在网上操作的，取消不了！\n简直就是变态！\n是您自己没理解，也不能怪我们啊！\n我也没说不帮您处理呀，我哪句话是说不给您处理了？\n作为银行工作人员，您自己不是也应该清楚规则吗？\n说的是什么鬼 \n讲的这么明白了还不懂，真是的\n这客户脑子有毛病吧 \n这客户估计吃炸弹了，这么火爆\n还怪银行，明明自己这么笨\n好无语啊\n讲这么清楚还不明白，傻冒啊\n听不懂人话啊\n这人智商有问题吧\n是猪啊\n还来投诉，脸皮真厚\n脑子有病吧\n我靠，遇到这客户\n就是来找茬的吧\n脑子一定进水了\n真没素质\n吃错药了吧 \n不懂还装懂，有毛病\n遇到一白痴\n真是自以为是\n这么笨，算我倒霉了 \n脑残\n傻逼\n真特么笨/笨死了\n蠢货\n我操\n妈的\n神经病\n不要脸\n自己听不懂还乱咬\n吹牛逼\n死变态\n活该\n缺心眼\n有病\n傻子\n吃屎去吧\n二比\n脑袋有屁\n死女人\n狗日的\n神经病\n师姐/师兄，这傻逼真是气死人了\n真是傻啊！\n这客户怎么那么傻啊！怎么讲都讲不通\n我怎么遇到这样一个变态啊！\n今天真是衰，怎么遇到这样一个奇葩啊！\n真是服了这个蠢货\n气死，怎么讲都讲不通，真是蠢死了\n这个客户真是脑残\n这客户真是个奇葩货\n怎么会有蠢得跟猪一样的人\n这客户吹牛逼真的不用打草稿，脸都不要的傻逼\n傻逼一样的客户\n真是蠢得无人能及了，都无可救药了\n真是牛逼轰轰的，蠢得不要不要的\n脑残货\n靠，这蠢货真是绝了\n怎么有那么蠢的蠢猪，真是气死个人\n讲又讲不通，还不听人讲，真是个变态\n这个客户真是太恶心了，真是个奇葩货\n神经病\n不要脸\n是弱智吗\n听不懂人话呀\n会不会讲话\n智障呀\n这个客户好笨\n是不是傻\n你是得了癌症吧\n怎么讲话的\n妈的\n什么鬼\n什么都不懂\n讲的这么明白还挺不懂，真是的\n什么人\n这客户就是找茬的\n很讨厌这种客户\n去死吧\n我靠\n说的是人话吗\n您自己的登记的您自己不知道吗？\n我说的是您收得到的地址，您的新地址，新地址。\n啥呀？这都什么玩意？\n我靠\n还有这样的吗！你们这..太过分的了吧\n别的银行都不会这样，你们银行怎么搞得？\n你这普通话是哪门子鸟语\n操你大爷的\n你有病吧听不懂人话吗\n我说你是脑子有问题吧\n傻逼\n就你这服务态度一定给你差评\n给我换客服\n给我转你们领导\n你们弄活动的是脑子进水了吧\n去你妈的给我赶紧销卡\n你有什么权利冻结我的卡？说啊\n你们银行就你一个客服？其他都死了吗这么慢\n他妈的给我换个客服\n是你们银行的责任，给我道歉\n傻B\n这个客户好蠢啊\n你是猪么\n你用了这么久的卡，难道你知不知道么？\n我真是服了你了！\n草泥马\n你妹的\n妈的\n我说，先生/女士，我看您也是银行的，难道怎么收费你自己不清楚么？\n遇到了一个神经病\n脑残\n靠，变态吧\n这个客户有病吧\n我说什么你都打断我，我怎么跟你讲\n你是来解决问题的，还是骂人的，要是骂就可以解决问题，那你骂好了\n我解释了这么久，你还是不明白？我也不知道该怎么和你说了\n找领导，不可能。\n大家都是成年人了，能不能不这么幼稚\n傻子天天有，今天特别多！\n又来了一个投诉的，尼玛！\n这客户是得了癌症吧？有病\n神经病啊\n我去\n这么蠢的客户真是年年有啊\n说说说，说你妹啊\n碰到一个傻逼客户，真倒霉\n谁来救救这个脑残客户吧\n这客户太不要脸了吧\n这客户太能吹牛了\n我怎么又接到一个奇葩啊\n这帮人是有病吧，没事儿找事儿\n这客户是吃饱了撑的吧\n真受不了这个傻逼客户\n听不懂人话的客户\n这个客户跟疯狗一样，见谁咬谁\n这客户眼瞎吧，活动规则看不到吗？\n这人脑子有病，根本没办法沟通\n服了这帮傻逼\n妈的，懒得跟他废话\n无语了，又碰到一个疯子\n听不懂人话\n傻逼\n脑瓜有泡吧\n神经病一样\n咆哮狂魔\n真没素质\n真是无语了\n变态\n拽个毛线\n死不要脸\n欠钱不还还有理了\n脑才吧\n自己怎么回事儿自己不知道啊\n我也是醉了\n真特么傻逼\n跟个智障一样\n死老太婆\n真的是蠢\n脑袋被夹了吧\n去死吧\n你能不能听懂话\n你说的是人话吗\n吃饱了撑的\n你说你是不是傻\n笨\n脑子不正常\n闲的蛋疼\n天天没事干啊\n带没带脑子\n家里出事了吧\n出门不幸\n不会用就不要用\n傻逼\n草泥马\n白痴\n智障\n得儿喝的\n二流子\n家里有矿啊\n畜生\n有病吧\n怎么那么烦人\n这个客户是不是傻\n妈了个逼的\n妈的\n你丫的\n猪来的吧\n没见过那么笨的人\n傻逼\n脑残吧\n傻不拉几的\n这么小气，斤斤计较\n这客户也太二了\n我给你梳理你的问题\n你不要跑题了\n无理取闹\n变态\n烦躁\n你大爷\n什么玩意我操\nFUCK\n神经了\n有毛病\n听不懂人话\n是不是傻\n疯子\n傻子\n傻B\n这就是你的责任\n脑子秀逗了\n你是猪吗\n神经病\n扑街\n痴（黐）线\n脑子被门夹了吧\n草\n奶奶的\n死全家\n变态\n真恶心\n傻逼\n贱货\n你他妈有病\n脑子有屎啊\n神经病\n疯狗\n你是猪吗？\n脑子有包？\n操你全家\n脑子进水\n脑子不好使\n蠢猪\n操蛋\n二货\n白痴\n你忘记吃药了吧？\n吃错药了吧？\n狗日的\n你妹\n蠢样\n我去\n我操\n靠\n妈的\n我操你妈\n我靠，傻逼\n这也太蠢了\n这客户太笨了\n你以为你是谁啊\n不可理喻\n这个客户好气人哪\n也太把自己当回事了\n王彦飞又来电话了\n气死我了\n今天的傻逼客户怎么这么多\n这些都是怎么了\n太变态了\n好恶心哪\n脑子被驴踢了\n活该\n怎么这么蠢\n神经病\n傻逼\n傻的吧\n蠢死\n操\n事儿逼\n滚吧\n怎么这么傻\n蠢货\n蠢的呀\n草拟吗\n有毛病\n二货\n二逼\n变态\n智障\n弱智\n神经 \n不要脸\n二货\n傻缺\n你有病吧\n神经病\n变态\n你大爷\n我操\n不要脸\n傻B\n死变态\n你自己不会算么\n你真笨\n这样你都不懂！\n我都不知道怎么说你才能明白\n你听不懂么\n你用脑子想一想\n跟你说了多少遍了，都听不懂\n你是不是傻\n没脑子呀你\n笨蛋一个\n笨死了\n这是什么人啊\n真的是讨厌\n什么态度\n真是服了他\n这人有病吧\n傻B\n妈的\n神经病\n真是服你了\n什么人啊\n你就不应该。。。\n你早干嘛去了\n这个怎么还能忘呢\n去你妈的\n什么狗屁银行\n霸王条款\n凭什么啊\n人都死了吗\n你有没有脑子啊\n换一个客服\n你到底会不会啊\n傻逼\n什么玩意我操\n赶紧倒闭\n他妈的\n脑子有病吧\n给你脸了\n把你们领导给我叫来道歉\n哪有像你们银行这样不要脸的\n有病啊\n操你大爷的\n听不懂人话吗\n我不想听你说话\n是不是傻\n客人有病吧\n账户就是这样的\n太笨了\n能不能行了\n没有搞毛线啊\n您是持卡人本人吗”\n您先听我讲完，好吗\n您不懂才会来电，我们才会帮您解决的，对不对\n我就是这样讲的”\n这个你不用管了\n不会收您挂失费，这个问题咱们已经沟通过了\n相信你是一个讲素质，讲道理的人\n客户是进线电话是普金，问的问题是白金问题\n您有没有听我说完啊\n如果您不愿意还\n既然您这么信任他们的话我建议您可以考虑一下您自己的概念吧\n如我没用卡，不知道怎么兑换，我们上班不能拿手机等等\n银行没有有义务天天提示你还款\n你自己原因导致的，银行不应该承担\n得癌症了吧，真是的\n态度就是不好，你想咋地\n我就是不想干了，你想咋地吧！\n草泥马\nshut\n这人有病吧\n没见过这么蠢得\n缺心眼吧!\n脑残\n缺爱\nNND吃饱了撑着\n傻B\n我跟你说了这么多遍，你为什么就不懂呢\n这人欠收拾\n妈的\n操\nkao\n我和你说半天干什么呢，不懂就不要问了\n您说的没有花这么多，我怎么跟你解释呢，那你是觉得哪一笔有疑问呢，这个钱花哪里去了，做了什么，我们肯定不清楚啊\n你去银监会、报警、升级投诉、律师、明文规定法律条款\n你怎么这么蠢啊，说得都听不懂\n你是猪吗\n我跟你申请调额，你又说太少，不调你又不开心，你到底要我怎么做\n你怎么跟个智障一样啊\n不明白怎么活这么大的，听不懂人话，简直了\n欠款不还，还嫌催收人员催款，但是用钱的时候咋不寻思呢\n你咋这么牛逼呢，还想要我们银行倒闭，那你别用我们银行卡啊\n为什么降额你自己不清楚吗，自己套现的时候咋不寻思呢，好意思时候自己用卡好\n你是傻逼吗\n自己没钱还款，现在来电申请调额，还好意思说自己用卡好，有本事你全额还款啊，你怎么这么不要脸呢\n牛逼吹得飞，那你咋还逾期呢\n你要钱买宾利，那你怎么还缺额度呢，这么装逼\n你脑袋被门夹了是吗。我都说了几遍了\n你真贱\n太不要脸了\n祝你出门被车撞死\n自己生活不幸还怪别人，难怪生活不幸福呢\n我也是服了你智商了\n听不懂人话\n你咋不去死呢',0.5,'all','辱骂指责',0.5),('80d0f07a-875c-4853-b1ff-3f272ace845d','给我解决那个小女孩，应该表扬她\n你的服务我非常满意\n你服务非常好\n服务态度非常好\n声音甜美\n你的态度非常好，服务非常完美\n你态度真好\n这个服务真是太好了\n服务非常好\n你的服务很好\n服务非常好，说话很温柔\n我为您服务满分\n你的声音很好听\n声音好美啊\n你的声音真好听\n中信银行真不错，为你们点赞\n服务挺好\n这服务好啊\n您真是太细心（贴心？）了\n你的服务态度很好\n态度这么好\n服务挺周到\n你的服务非常周到\n那你们的服务真好啊\n我要为你的服务点个赞\n我觉得你挺负责任的\n你的服务态度真好\n你说话好听多了\n太温柔了，我表扬一下你\n你的服务态度太好了\n你的服务特别好\n你的服务最好\n你的态度是很好\n服务太好了\n中信服务真好\n中信银行服务好\n你服务很好\n你服务态度真好\n你服务态度太好了\n服务很好，为你点赞\n你服务特别好\n服务真好，给你点赞\n声音挺好听的\n你的服务态度非常好\n对你的服务非常满意，通过之后会更满意\n对你服务太满意了\n服务态度最好\n你说话声音太温柔了\n你的服务挺好的\n你的服务太好了\n谢谢你，你服务很好\n谢谢你，你的服务真的很好\n你的服务非常周到，非常好\n中信的服务蛮好的\n有阳阳真好，万分感谢\n你真好人\n有你真好\n你的服务态度挺好\n声音好好听\n对你的工作非常满意，会推荐更多的朋友办卡，多多支持你\n你的声音很甜\n谢谢，你声音很甜\n你们这服务态度很好\n你们银行的服务什么时候变得这么好了你们的服务比其他银行的好\n你这个服务很好，为你点赞\n你态度非常好\n声音真好听\n我觉得你很好\n你态度挺好\n你的服务也太好了\n我觉得你的服务已经很好了\n你服务真好，我要表扬你\n你们的服务态度还挺好的\n声音很好听\n你真贴心\n您非常有耐心\n你们态度真的不错\n服务态度很好\n谢谢你，最喜欢我们自己的客服了，我可以给你点赞吗。\n我要表扬你，你的服务态度很好，积极主动，服务这么的耐心，很难得，别的银行都没有这么好，服务热情，业务也很熟!非常感谢你。\n非常优秀的同事，我觉得你的服务态度和为人真的是个非常优秀的同事\n你的声音很甜。\n请记录工号，我要表扬你及时称谓潘先生。\n你的态度非常好，讲话的语气非常好，给你点个赞\n服务态度非常好，积极解决问题。\n你的声音真好听。\n你的服务态度挺好。\n谢谢你啊，给你点个赞。\n打了这么多次电话你说的是最好的，普通话也是最好的，要求评个最好。\n你是哪里人？说话声音这么好听。\n你的服务态度太棒了。\n要给你好评点赞，你工号多少。\n声音这么甜。\n给你点评一下，你这么耐心，解释这么多，尽快没有到账但是心里石头落地很有希望了，你工号多少啊，给你点赞。\n你服务得非常好。\n你的服务态度特别好。\n你们中信银行信用卡中心的人服务态度很好，就像你一样。\n你的态度很好。\n服务多好多温柔。\n你的服务态度真好。\n你声音真好听。\n谢谢，我一定对你的服务提出很好的意见，有那种超赞吗，我要给你赞一个。\"\n我觉得你的服务态度特别好。\"\n声音太甜了。\"\n谢谢，我对你的服务非常满意，你们银行工作人员也很好\n现在客服小哥的声音多好听啊\n声音太温柔了。\n说话声音真温柔。\n你的声音太甜，可以给您点赞。\n您的态度是打电话以来最好的。\n你的态度非常好。\n小哥的声音很好听。\n你的服务比较专业，比平安好，要给你打高分，希望加薪\n你服务很好。\n你态度很好。\n你的服务不错。\n太贴心了，特殊申请给予表扬成立。\n你的声音真的好听\n你的声音真甜\n要给你点赞，加10分\n我觉得你服务不错，给你个好评\n声音好听\n小姐姐你声音好好听哦\n谢谢你的服务非常满意\n给个五星评价，给个五星给你\n您的服务态度太好了，说话太好听了\n非常感谢你，你的服务太好了， 我要给你评分\n你看你的态度好\n你的服务态度太好了，给你点个赞\n你的服务就挺好\n你的声音太甜了，\n你的服务不错，\n服务真好，\n说话很好听，声音很温柔\n你服务真好\n你们对欠款的客户服务都这么好\n你们服务太好了\n你声音好甜\n服务很好,给你选个满意\n你们服务很好\n服务很好\n你说话真好\n我可以给你点个赞吗\n我觉得中信银行还不错，服务沟通都很到位\n你今天态度这么好\n你们这中信银行服务挺好\n我看你服务态度也挺好的\n服务挺好的\n你们客服服务态度都挺好的\n你这服务态度非常好\n我可以给你打个好评啊？谢谢你啊，你这么良好的态度\n提个表扬，你服务特别好\n你态度太好了\n你的说话很温柔\n你的服务态度好\n声音不错\n你的服务相当好\n很贴心\n你这个管家服务真是太好了\n你的声音很甜美\n中信银行在服务上还可以\n我对你的服务很满意，我要表扬你\n你们的服务很好\n你的服务太好，怎么表扬你\n你的服务我很满意\n我要表扬你\n声音真好听,服务非常好\n你的服务我非常非常满意\n你的服务那么积极\n服务态度比较好\n你比之前同事态度好\n服务态度好\n谢谢你,我非常满意你的服务\n你的声音好甜\n给你点赞\n你声音挺甜的\n你的服务态度特别好\n你服务好极了\n你们服务特别好\n给你们点赞，挺认真的\n你的服务态度挺好的\n中信有你，更自信\n麻烦你了，你这么细心，这么费心，这么解答感谢\n你们的服务非常好\n中信的服务太好了\n你的态度很好\n太谢谢你了，中信服务真好\n业务能力很牛逼，中信有你是种荣幸\n你说话声音真好听\n你的服务真好\n我觉得你的声音特别好听\n谢你们贴心的服务\n下次还来找你服务，为你点个赞\n就因为你可能后期还会选择用你行信用卡，你这还挺好的\n中信服务不错\n谢谢你热情细心的服务\n中信一直都是这么贴心，伴随着我创业、公司的上升\n来电好多遍了，都没有解决，还是你呀，对你的工作很满意\n真周到\n非常专业，非常好\n你服务态度很好\n对你们的工作态度感到非常满意\n在哪里给你点赞呢？我想给你点赞一下\n服务态度太好了\n哎呀，你真好，哈哈哈哈\n你是几号？我一会儿给你写表扬信\n你的解说很棒，嘴巴很甜的\n您的服务太好了\n第一次感觉和银行客服那么客气\n你的服务非常热心\n我觉得你态度非常好\n你有机会到上海告诉我哦，请你吃饭\n终于遇到一个靠谱的客服了\n这么说我就相信了，后期员工都能像你这也就好了，蛮优秀的，怎么表扬你\n好温馨哦\n我觉得你中信还是挺好的\n你的态度真好\n您的态度很好\n挺好，你的服务\n还是你好，给你点赞\n你的服务态度还可以\n服务耐心，温柔\n我觉得我有机会的话，我会通过其它渠道给你点个赞\n你的服务非常好\n你太好了\n你的声音太好听了\n我会写一封表扬、感谢信到你们公司的网站上面去\n你们这个服务还挺好\n我觉得你服务特别好\n服务态度这么好\n太好了，给你一个好评\n对你的服务态度很满意\n表扬王珊珊今天上午回电为其解答信用卡问题，用心聆听，暖心服务\n给你一个表扬\n表扬内容，帮我认真记录反馈问题\n我对你的服务很满意\n服务真好\n谢谢你给我打这个电话，我的心情好很多了，你们的服务很好\n你的服务太好了，我要给你的服务加分\n声音好听呢\n你的服务真是太好了\n到时候给你一个好评\n你的服务太好了，点赞\n你是几号我要给你的服务那表扬一下\n声音真甜\n你的声音太好听了，我长这么大没见过这么好听的声音的\n给你表扬\n态度太好\n你服务太好了\n服务很好，十分良好\n态度非常的好，你工号多少，下次来电还找你\n你说话很甜哪\n我要表扬他\n讲解得非常到位\n我觉得你人挺好的\n服务态度我很满意\n你这服务太好了\n你们服务做的到位\n要去总行讲一下，表扬一下\n你比上次的同事服务态度好多啦\n你的服务蛮好的\n服务态度真的很好\n要表扬一下\n你工号多少，我要表扬你\n优秀的服务很周到\n我要表扬下小信管家周嘉伟\n说话声音好听\n非常愉快，服务非常到位\n服务态度真好\n服务很周到\n你声音很好听\n服务好、周到\n我就想表扬你了\n我想表扬一下他\n个人服务不错\n点赞，服务好\n我可以发邮箱感谢你吗？我怎么感谢你\n中信银行的服务特别好\n服务很满意，我要给你一个好评\n你服务态度不错，感谢你了\n你这服务态度真好\n你的水平特别好，给你10分。向你这样替老百姓着想，非常好，才是好客服\n你的服务我很满意，我要表扬你\n你是很能干的，你技术很高明，这个要对你嘉奖提拔的，下次还想找你怎么找你，其他人要向你学习\n被你说服了，给你好\n你的服务质量很好\n给你好评，不属于表扬，但因同事业务娴熟，服务亲和舒适，特申请为表扬，\n你的服务好一点及在后表示你服务很好，\n你们银行挺好的，服务态度也好，\n你真好，比较热情，有你我就幸福，\n你很有耐心，以后我有什么也直接找你了，\n你的服务确实是很到位啊，\n这个服务很到位\n这男声很好听\n你是我见过最好的人\n小姐姐你声音真好听\n我觉得你真是特别的好\n你们银行的服务非常非常好\n我觉得你们领导一定要给你涨工资\n你的服务太好太好了\n最近天气炎热，记得多喝温水 注意防暑降温\n最近天气干燥，记得多喝水。\n注意防暑降温\n天气炎热，请您注意防寒防暑，注意多喝水”\n旅途愉快\n目前是多雨季节，您出门记得带伞哦\n天气寒冷，注意保暖。\n时间不早了，您注意早点休息',0.5,'all','用心超越期望',0.5),('9291252b-4041-4d6b-b95c-682854db5990','我不是说了吗\n这样都听不懂吗\n我怎么说你才懂\n能不能别这么激动\n这是你说的\n这可不是我说的\n没办法\n解决不了\n没有办理处理\n能不能先听我说\n就是你自己的问题\n只能这样了\n那您自己看着办吧\n我也没办法\n在这样下去只会浪费时间\n你要想解决问题就别啰嗦\n你懂什么啊\n你什么都不懂\n不懂就别乱说好吗\n有没有点常识\n你先别说，听我说\n你都说了，我还有什么好说的\n我告诉你就这样子了\n那我帮不到您\n这个没有别的办法\n政策问题，我帮不了你\n你认为投诉有用那你可以试试\n我已经说了三遍了\n打电话本来就耽误您的时间，还要收费的\n不要再打电话了\n您为什么就不明白呢\n我就是这个意思！\n那你是什么意思\n你说也说了，我也帮你做了，还不行吗\n你说的越多，反而我们这里处理的更慢\n说这个没用的\n你觉得这样子我们会退步吗\n我认为你说的不对\n你是不是说错了，我们银行怎么可能不收这个费\n好了，先说这么多吧\n我不明白你说的\n您这话说的\n银行又不是慈善机构\n你自己干了什么不自己不知道吗\n银行不可能满足你的需求\n您是无理需求\n我们没有义务。。。\n请您做个文明人\n您别这么暴躁\n稍微冷静一点好吗\n你叫也没有用\n你一直骂骂咧咧也没有用啊\n银行又不是你家开的\n这能够怪我们吗？\n你这么说就狭隘了\n分期不是你想办就能办的\n你以为是你以为\n不是你认为的\n你不相信我们，我们也不相信你\n我觉得你说的太严重了\n这个不是由我处理的，很抱歉\n礼品都是抢兑的，先到先得。规则就是规则\n你抢不到礼品，我也没办法，毕竟那么多客户，看运气了\n活动有它的规则，那如果你没达标，是获得不了的，也没法给您特殊处理\n礼品颜色在规则都有提示，根本没法换\n很抱歉，礼品一旦兑换，无法更改地址，这个活动规则都有，没法处理\n很抱歉，礼品一旦兑换，无法加急，这个活动规则都有的，请你继续等待\n没有为什么，每个银行没法做到完全一致的\n退款能不能抵消本期账单，每个银行都是不一样，我行目前无法抵消，很抱歉\n这就是一张借贷合一的卡，你转账就会优先进入储蓄卡的，只是你不了解而已。\n这个必须要卡在手，要不然解除不了，这是银行规定\n本来就是这样的\n本来就有挂失费\n您可以不要咆哮了么，有问题解决问题\n你情绪这么激动也没有用\n麻烦你声音大一点好么\n可不可以不要这么激动\n你要银行给你补偿什么，这是你自己抢兑不到礼品\n这个我也无能为力\n我也只是个小员工，没有这么大的权限\n我打断一下您\n先生，不是你这样子理解的\n你这样子讲了，我说这么多有什么用呢\n您能先听我说完吗\n你理解错了\n说\n你是哪里不清楚呢，我们账单都有明细的\n我是说\n能听懂吗\n我刚才说了那么多，不都白说了吗\n你想要我怎么办\n等我说完你再向我提问\n什么意思\n我不是这样子讲的\n我刚才没有这样子说\n是你自己这样子理解的\n我说的没有错啊，你自己听错了\n不要纠结这些\n你这样子想嘛\n怎么乱扣你费用了呢\n这是规定\n我们领用合约您没看吗\n我们官网有公示您没看吗\n您听不懂吗\n我刚已经解释得很明白了\n我换个人给您解释可以吗\n您的问题我处理不了\n您去哪投诉都是一样的结果\n您继续投诉我们的解决方案还是一样的\n听我讲完您在说话\n您先别说话，听我说\n您自己想想再问我\n您的需求我们是不能满足您的\n您骂我能解决问题吗\n你投诉我没用，这是银行的规则\n我都说了帮您反馈，您别纠结了好吗\n您想投诉我就投诉吧\n我又不是行长，您的问题解决不了\n您没必要在我这边浪费时间，我让上级给您回电\n您需要认真想想我刚刚说的意思\n你听不懂吗？\n这个很简单\n我再说一遍\n你去柜台吧\n去补刷一次就可以减免年费了\n我们银行的利息就是这么收的\n我们银行的违约金就是这么收的\n我们银行的取现手续费就是这么收的\n我们银行的分期手续费就是这么收的\n提前还款就是要收3%的违约金\n不要不耐心\n你说话那么快干嘛\n急什么急\n你都说了3遍了\n你再打个电话投诉吧\n你可以销卡啊\n你下个月再来电吧\n找我们领导也是减免不了的\n找经理也是这个结果\n找谁都是没有用的\n麻烦你有素质点\n你喊什么喊，喊也没用的\n难道你都不懂吗\n我道歉也说了，你还想要我怎么办\n我已经跟你说过了呀\n我真的是没办法了，都跟你说这么久了\n政策就是这么规定的，你不理解也没有用\n你能不能好好想想我们的对话\n我就是一个客服，你对我发火也没用\n本来活动数量就是有限，你没有获得也怪不了谁啊\n你不要质疑我，我工作了这么久了\n不管是谁处理都是这个结果，转领导也没有用\n我们这个业务流程就是这样的\n这个事情处理就是要这么久\n活动规则已经写明了\n这个是他们平台的问题，你去找他们吧\n你可以消消气吗？不要激动，没用的\n如果你不相信我，我们也没法沟通了\n我的权限就这么大，你不接受也这样了\n你真没必要这么激动，有什么事情我们解决就好\n刚才不是给你说了嘛\n办不了就是办不了\n那是您的问题啊\n你还想怎么样呢？\n这不是我们银行的问题\n那您觉得应该怎么样呢？\n我们是不是提示您了\n叫你们主管来接电话\n我要投诉你\n我们同事没问题\n你先听我说\n你不懂先听我说\n这是常识\n您说的不对\n您说的不合理\n您不要太纠结\n不要浪费大家的时间\n您好好想想\n你不要太啰嗦\n没有这样的道理\n我已经说的很清楚了\n好我再重复一遍\n您的需求我们是没有办法满足的\n麻烦您也换位思考下\n您能不能先冷静思考下\n对不起这就是我们的业务办理流程\n您听不懂我说话吗\n您的理解是错的\n请您不要理想当然\n请不要打断我\n您先听我说\n我正在解释您没听吗\n账户已经解释的很清楚了\n您能不能听我的\n我觉得已经没有办法解释了\n我知道您不用说了\n这样您的不理解吗\n就是简单的字面上的意思\n一再减免费用您觉得这样好吗？\n没什么好说的了\n您怎么就听不明白呢？已经说得这么清楚了\n你说啊，说话啊\n我要下班了，你还有什么要问的\n声音和蚊子样的，你能不能大点声\n我听不清你在说什么，我要挂了\n你说的我不知道，不要问我了\n你急有什么用呢\n你不要在电话里大叫\n能不能不要让其他人和你一起说话\n你骂人的话我们都有录音的\n我都没着急，你在不耐烦什么\n你的资料我就是不能说，你逼问我有什么用呢\n你和我发火有什么用啊\n我有说不帮你办吗\n你讲的什么啊，不能说中国话吗\n你别打断我，能让我先把话说完吗\n你理解的是不对的\n你说的都是错的\n又没有人逼着你用我们银行的卡，你可以注销啊\n还不了钱就不要用卡啊\n您用了这么多钱，用了就要还啊\n我们的账单是准确的，不会乱加消费的，好不好\n费用收取，通不通知您，我们都有收取的权力呀\n我现在告诉你啊，就是这样子的\n现在跟您算啊，就是这样子的\n是我们系统这样要求的\n你先听我把话说完\n我如果能够给您操作，X先生/女士您觉得我会耽误时间跟您沟通这个问题吗？\n您想投诉到哪里如果能解决您的问题我们都不反对\n不管额度内还是额外都是要还的\n您不让我说话，我怎么告知您呢\n你大声叫有什么用呢\n你在电话里叫有用吗\n你说的都是错的\n你怎么就听不懂呢\n我都已经帮您记录反馈处理了，你还想怎么样呢\n我已经跟您解释很多遍了，办理不了就是办不了\n该说的我都已经说了，该做的我也已经做了，你还想怎么样？\n我已经跟你重复很多遍了，理不理解就是你自己的事啦\n你想怎么样就怎么样吧，我已经没有办法啦\n我刚才跟你已经说过了呀\n刚才跟你说的你没有记吗\n你说的是啥意思\n你刚才可没有这么说啊\n我现在再跟你说一遍，你听仔细了\n你能不能先听我说\n我已经跟你说了很多遍了\n你就不能换个思维去理解一下\n那我也没有办法了\n我怎么知道你会这样\n你能用文明用语吗\n你不用这么激动\n你那边声音那么小\n我这边没有显示，看不到\n我能看到的我都会告诉你\n你就是没有还款到账，我这里没有显示\n我没有办法帮你去申请\n这事不是我说了算的\n我们银行只能协助，我们没有办法出面解决\n我们活动的细则流程就是这样的，是你没有看清楚\n电话的话你自己有没有在其他地方泄露啊，你有没有在其他地方登录其他的\n有录音啊，可以调啊\n你就告诉我能不能接收短信，告诉我这一点就可以了，至于您什么时候停用没有关系！””\n“你只需要回答接收不了就可以了！\n我没法回答你，没法告诉你\n那你就别留意了，可以用了”\n你随意吧\n你可以投诉\n我们相关岗位会有相关安排，不需要您操心\n主要是认为我耽误您的时间没有算正确要投诉我是吗\n如果发生这个情况，你应该之前就有个心理准备之前改地址呀，已经兑了后面再改明显就来不及了吗\n刚才跟你讲到呀，发货后会短信通知呀，短信通知”\n要修改就直接改就好了\n您不需要帮您办理挂失，您需要我帮您办什么业务呢\n每个银行都有不同的处理方案对\n您记一下工号\n我当然懂你的意思，为什么不能直接回答你\n不是我这么边，如果没其他需求我挂机了\n现在弄明白了吗\n只算出来总欠款告诉您，没有让您还啊\n你先别说，听我说\n你都说了，我还有什么好说的\n我告诉你就这样子了\n那我帮不到您\n这个没有别的办法\n政策问题，我帮不了你\n你认为投诉有用那你可以试试\n我已经说了三遍了\n打电话本来就耽误您的时间，还要收费的\n不要再打电话了\n您为什么就不明白呢\n我就是这个意思！\n那你是什么意思\n你说也说了，我也帮你做了，还不行吗\n你说的越多，反而我们这里处理的更慢\n说这个没用的\n你觉得这样子我们会退步吗\n我认为你说的不对\n你是不是说错了，我们银行怎么可能不收这个费\n好了，先说这么多吧\n没有说您诬赖\n哪里有不承认，您说\n我们没有故意刁难哪个客户，没有这个意思\n先生您可以说，我在听\n我有说要给你回电啊\n白金权益使用的情况是看您自己了\n我可以帮您反馈呀，但是我们投诉部门没有这么快给您回电的\n我们领导不会回电的\n现在是这样的\n我刚刚已经跟您说过了呀\n您不懂可以来电啊，不来电怎么知道呢\n不是我们规定的，是银监局要求\n您那里不明白的，可以说呀\n我怎么清楚，每个人账户有不一样，我怎么看\n就是字面上意思啊、我刚刚已经给你解释过了呀\n因为我们在线咨询的人数也比较多，你如果有什么问题的话请稍后再来电\n遇到问题你去找警察，我们银行也不是救济机构\n还没有说完好吗\n那是银行政策，自己银行的政策，我也没办法\n你需要我怎么给你寄呢？明天给你查询额度吗？\n有录音啊，可以调啊\n固定额度都是银行给到您的，是需要审核的\n你先听我把话说话\n你先听我说完，好不好\n我们是最高的回复部门，最终投诉管理部门\n这个我之前就说过了\n你要是还是不理解，可以再打电话过来\n好，那你就别留意了，可以用了\n我们相关岗位会有相关安排，不需要您操心\n主要是认为我耽误您的时间没有算正确要投诉我是吗\n如果发生这个情况，你应该之前就有个心理准备之前改地址呀，已经兑了后面再改明显就来不及了啊\n刚才跟你讲到呀，发货后会短信通知呀，短信通知\n们是给您正常解释呀\n您先听我讲完，好吗，您不懂才会来电，我们才会帮您解决的，对不对\n您回答啊\n这是你的权利，那就不打搅你了，感谢您的来电\n不需要帮您办理挂失，您需要我帮您办什么业务呢？\n那你协商也需要有个目的吧\n相信你是一个讲素质，讲道理的人\n客户进线电话是普金，问的问题是白金问题\n确实银行退款逻辑是这样的，如果您不愿意还\n您有没有听我说完啊，女士，我是说您不同意这个利息可下期账单出来后申请减免利息\n既然您这么信任他们的话我建议您可以考虑一下您自己的概念吧\n您不知道，我这边可以给您解释啊\n我只算出来总欠款告诉您，没有让您还啊\n我不明白你说的\n您这话说的\n银行又不是慈善机构\n你自己干了什么不自己不知道吗\n银行不可能满足你的需求\n您是无理需求\n我们没有义务。。。\n请您做个文明人\n您别这么暴躁\n稍微冷静一点好吗\n你叫也没有用\n你一直骂骂咧咧也没有用啊\n银行又不是你家开的\n这能够怪我们吗？\n你这么说就狭隘了\n分期不是你想办就能办的\n你以为是你以为\n不是你认为的\n你不相信我们，我们也不相信你\n我觉得你说的太严重了\n理解吗\n刚刚已经跟您说过了\n明白了吗\n现在还没有\n您觉得这是您的永久额度吗\n早就给您退了\n他没有给您改啊\n也不会产生多少\n先听我说完，行吗\n您说\n您还上是没有用的\n怎么可能欠款3万不到\n这还快啊，我已经很慢了\n怎么可能\n您需要我做什么\n哎，我没有明白您的意思\n我这边是信用卡中心\n您都没有用它，怎么影响您的信用勒\n没有白拿啊\n您能收到什么女生，您能收到什么\n怎么了，还款顺序还不知道啊\n您冷静下可以吗\n别的客户都能清楚啊，您都听不明白啊\n你想这么说我也没办法\n我能怎么办 我没有权限\n其他客户都会啊\n这很简单的，你按照我说的做就可以了\n我们银行有规定，不能办理\n其他银行我不是很清楚\n您想这么讲我也没办法\n想投诉就投诉吧\n我已经解释了很久，您还是不理解，我也没有办法\n银行的政策就是这样，改也改不了\n我觉得你自己没问题，是你理解不了\n我会给您反馈的，想投诉就投诉吧\n先生你说了这么久不累吗\n我都已经帮您去反馈了，我就是一个小小的客服\n我们银行没有，其他银行我不清楚\n我已经说完了，您说吧\n这不是霸王条款，您也要遵守规定啊\n我没有这个意思，是你这么认为的\n你自己想一下吧\n我已经说的很明白了，你再看一下吧\n不是，这个就是这样呀，你非要说不是，那我也无话可说\n先生，不是这样的，你先听我把话说完\n我挂了电话也解决不了问题呀\n我这边无所谓的\n你这边一直纠结这个问题，没什么意义\n没有说直接转到投诉的\n您对于费用不接受，但是您自始至终没有给我说完的机会，我没有办法处理\n先生我怎么了先生，我不是在帮您查么\n你让我8点后给你回电话干什么呢\n你想我说什么，您不是不让我说吗\n你要投诉什么呢\n你要是这种态度我无法给你解释\n您不同意费用没关系，您直接跟我说您不需要就可以了\n我说的是未包含未上账分期手续费，请你听清楚\n“那我们流程就是这样子啊，你要我怎么做”“我现在就是帮你预约啊”\n我们这边流程就是这样，你不认可，不代表它可以不遵守\n你可以有自己的想法，但不代表我行要认可你的想法\n请不要打断我好吗？\n您有没有听我说完啊，女士。\n不要跟我争辩，我只是客服\n您想怎么办呢，先生”\n麻烦您好好说话，文明用语\n你这么专业，还问我们的意见干嘛\n你要投诉的话重新打电话过来\n我已经说了很多遍了，不想再说了\n你要是不好好说话，我就结束电话了\n这是银行规定的，我们流程就是这样\n你投诉也没有用，这个就是没有办法\n你跟我说这么多也没有用啊\n这个是你自己的责任\n你是要我怎么做呢？我说的你又不听\n是你自己听不懂，我已经说的很明白了\n很多客户都在等，你没有什么事我这边就挂电话了\n我只是个小小的客服\n我不想再跟你纠结这个问题了\n你不要为难我好吗？\n操作不了就是操作不了，你不相信也没有办法\n我都跟你说了啊！你听不明白吗？你都没等我说完你就说，你怎么听得明白呢\n你想怎么办\n投诉是您的权利\n你说的是不对的，你不要总按这种方式想\n我刚才说的就是这个意思啊\n我们同事不可能这样说的，我们都有录音\n你不要纠结这些啊\n不是这样的，你理解错了\n跟你说不明白，你就按照我跟你说的核对就行了\n你不要总说投诉，我现在在帮你解决问题啊，你不是要解决问题吗？\n那你想我怎么样\n我们同事在办理时都会提示您的，我们都有这个必须要说的要求\n你想怎么样就怎么样吧，反正我提示过您了\n这个费用是您自己没有按规定还进来导致的\n我看了我们都是有发短信给您的，是您自己没有留意\n您没有看短信的吗？我们都发了两次给你了\n您没看完整内容，如果您要参加活动，以后您都要自己看清楚活动内容，不要只看一部分\n您是自己通过自助渠道办理的，您当时也没有来电，我们怎么提醒您\n我们不可能您通过自助渠道还要给您去个电话，而且我们也不知道你什么时候办理\n这是银监会规定的，我们银行也要按照银监会执行，不是我们银行想怎么样就怎么样的\n那你就这样去操作呗\n没办法了女士\n解决不了\n没有办法处理\n能不能先听我说\n就是你自己的问题\n只能这样了\n那您自己看着办吧\n这是银行的钱，您能用银行钱还银行吗？\n我们短信多次通知，这是您的问题呀\n您有权利去投诉，麻烦您了\n您为什么这么纠结呢\n银行是不会为了您这点利息乱收费的\n我们邀请客户办理时一定会提示清楚费用的，一定是您没有听清楚\n我刚才已经给您解释过了，好吗\n您先听我说完，好吧\n我都和你说几遍了，就是这个意思，听懂了吗\n嗯，是这个意思，去看一下吧\n您找供应商问问，他们的事\n这个不归我们负责，为什么打过来呢\n我怎么清楚，每个人账户有不一样，我能怎么看！\n银行政策就是这么规定的！\n您有您反馈的权利，我们尊重您的选择！\n您说您现在没法获得礼品，可是这个活动的参与是您自愿的！\n我刚刚已经给您解释过了呀！\n那您现在要跟您家人沟通的话，您如果有什么问题就稍后再致电吧，我们现在在线咨询的客户也很多！\n那我们流程就是这样子啊，你要我怎么做？\n遇到问题你去找警察，我们银行也不是救济机构！\n中国有你那么多法律，你哪一条知道，是不是很多条不知道，你可以不遵守吗？\n我们也不知道你有什么变动，你自己想一下对不对！\n这个跟权限没有任何关系，但业务是业务，我正常给你解答，没有这个流程，没有这个操作理解吗？\n我还没有说完好吗，你说完了我再说是吗？\n那是银行政策，自己银行的政策，我也没办法！\n这本来就是银行的政策啊，你跟我们分行专线较劲也没有用，这本来就是银行的规定，你要我怎么跟你讲嘛！\n你等一下我帮你转到我们领导那里啊，到时候我也会把你说的这些话都告诉我们领导啊！\n那没有办法，您这么多费用，没有人可以帮您承担！\n客户要怎样无所谓，要干嘛干嘛去，对吧！\n您想投诉到哪里如果能解决您的问题我们都不反对！\n是系统自动匹配的，所以你不用怀疑我手动输入错误的好吗！\n不是我一个人能决定，你一直骂我也没有用的！\n我给您看了一下，这个同事是新员工，您看可不可以考虑一下不投诉呢？\n您要投诉我的话，这份工作我可能就保不住了！\n我刚才有跟你说过了，是这样的 \n你先别说，听我先跟你解释一下 \n我告诉你的就是刚跟你说的\n没办法帮你，你自己再想想其他办法吧 \n我已经说了好几次了，还是不懂的话我也没办法了\n怎么还不明白了，就是刚跟你解释的啊 \n你说的不对，应该是我跟你解释的那样才是对的\n你这样一直骂人，是没办法解决你问题的\n那是你自己以为的，不是我们说的 \n活动规则就已经有公布的，你需要按活动规则来，每个客户都一样的 \n也想帮你，但是活动细则规定不能操作，所以也是没办法的\n每个银行的政策都不一样，我们银行就是这样的 \n刚跟你解释的，你可以自己再想下，不懂再来电咨询了 \n官网上都有公布，每个客户都一样 \n这个很简单的， 你先自己想想\n我们经过专业培训的，所以我跟你解释的就是对的\n你找第三方平台先问下吧 ，这个不是我们银行的问题。\n我能帮你的就是这样的了，其他的没办法 \n费用收取都是这样的，这个是你自己造成的，所以你要自己承担\n你没必要纠结，我们银行系统不会出错，你自己再看下吧 \n这个是人行的问题，不是我们说了算的，不是我们催就可以的\n目前银行政策就是这样的，也不是我决定的\n我已经跟您说了很多次了 \n没办法、只能这样、就是这样的\n领导不在没办法转介，转介不了\n这是银行的钱，您用了就得还\n我们有短信通知，这是您的问题\n投诉到哪里是您的权利\n您为什么这么纠结呢\n银行是不会为了您这点利息乱收费的\n我们邀请客户办理时一定会提示清楚费用的，一定是您没有听清楚\n您都用了这么久了应该知道自己的账户情况\n就算您投诉到银监局最后也还是转给我们处理\n您打过来的没办法再转给其他客服接听，建议您再拨打一遍\n我都跟你说了啊\n你怎么就听不明白呢\n大家都是成年人\n欠债还钱天经地义\n我们的流程就是这样的 \n您自己消费的自己不知道么\n您说了这么多到底想要怎么处理\n我都跟你说了啊！\n我怎么说话了，我正常再跟你沟通啊！\n你想怎么办理嘛！\n我都已经说过了啊！你还没有听懂吗？\n我都已经解释很多遍了，你都不知道，我没有办法解决了！\n你到底哪里不知道嘛！跟你说了那么多遍，你都不知道，我也没有办法啊！\n你再说一下，我都不清楚你说的是啥？\n我就是正常跟你再沟通啊！没有不耐烦啊！\n你到底是哪里不知道嘛！你倒是说啊！\n我都已经讲过很多遍了，你哪里不知道的，我再跟你说一下\n你要是再不懂，我就给你再报一下，你记得听好了啊！\n想用就多用呗！不想用你就销了呗！你自己看吧！\n你一直纠结这个问题有意思吗？\n你那么激动也没用啊！就是我跟你解决问题啊！\n你再投诉也没用，还是我给你接电话的啊！\n电话要是打不进来，你就多打一下嘛！我们现在也在加班接你们的电话啊！\n你自己没有听懂，又不是我的问题\n其他的卡片那么好，你干嘛申请我们银行的啊！\n你总是扯这个问题，没有意思好不好？我真的解决不了啊!\n你要我怎么办理嘛！我本来就没办法给你处理啊！\n我打断一下您\n先生，不是你这样子理解的\n你这样子讲了，我说这么多有什么用呢\n您能先听我说完吗\n你理解错了\n说\n你是哪里不清楚呢，我们账单都有明细的\n我是说\n能听懂吗\n我刚才说了那么多，不都白说了吗\n你想要我怎么办\n等我说完你再向我提问\n什么意思\n我不是这样子讲的\n我刚才没有这样子说\n是你自己这样子理解的\n我说的没有错啊，你自己听错了\n不要纠结这些\n你这样子想嘛\n怎么乱扣你费用了呢\n你说话那么快干嘛\n说\n这么跟你说吧\n我再给你解释一遍/一下\n啥？\n没听懂，什么意思？\n再说一遍\n什么？！\n客户：喂？还在听不\n你就没理解我说的，听我说好吧\n您反馈领导也是无法处理\n还不理解？（反问语气）\n我们的活动规则就是这样的\n我再说一次\n这个很简单的\n刚刚已经说过了\n你还理解不了吗\n您换个时间再操作试试看行吧\n能理解我的意思？\n那你是什么意思\n我刚才已经给您解释过了\n您先听我说完\n我都和你说几遍了，就是这个意思\n投诉，这个是您的权利\n银行这么多客户，也不是您一位啊\n我们的流程就是这样子的，又不是我决定的\n我们的系统就是这样子的，又不是我决定的\n我要怎么说您才能懂呢\n活动已经结束了，您要怎么参加呢\n我就是一个小小的客服\n就是您自己没有及时还款，我们没办法给您减免，就是要您自己承担的\n您消费了多少，您不知道么\n我都和您说了这么多遍了，哪里不清楚？\n我给你解决的有什么问题，你自己没弄懂\n我解释不了了，我接了这么久的电话，没遇到过您这样的\n每个银行的政策不一样，我们银行就是这样的\n您要是不相信我，你自己再打电话吧\n我再解释最后一遍\n您一直就在那骂，有用么\n您能不这么激动么\n你不懂法，就可以去杀人了吗？\n你再激动也解决不了任何问题啊？\n能不能说下普通话，你那方言谁听得懂啊\n麻烦你听懂了，再讲好不好\n我都说了这么多遍了，你还是听不懂吗？\n你非要这么想，我能怎么办？\n你要投诉，那是你的权利，我管不着\n你不想要，当时为什么不跟我们同事说清楚呢？现在才来电\n随你怎么想吧，反正我帮不了你\n每个人都像你一样，那银行还能开下去吗？\n你自己忘记还款了？关银行什么事儿啊\n银行又不是慈善机构\n我们又不是万能的，也不能什么事儿都找我们吧\n其他银行那么好，你怎么不去用他们的卡\n其他银行有的服务，凭什么我们银行就必须有？\n我真是服了你们这帮客户，怎么讲都不明白\n这些规定都是白纸黑字写清楚了啊？你自己不看，现在出问题了找我们干嘛？\n你自己怎么用卡的，你自己心里清楚啊？\n不知道你想表达什么意思？\n投诉又不能解决问题\n就是这样啊\n我都已经说过了\n你先听我说完\n这个问题您自己不清楚吗\n我是想解决问题并不想跟您耗时间\n你没听明白吗\n就是这样，没有什么办法处理\n我没有权限处理啊\n我已经说得很清楚了你还没有理解\n账单早就发了自己去查\n你听不懂我的意思吗\n银行怎么可能因为你一个人就改变流程\n想用就继续用不想用就销卡，看你自己\n这么纠结这个问题有意思吗\n我已经说了很多遍了\n你在激动也没用啊\n我就是个客服啊能力有限\n电话不好打就多打几次\n又不是我的问题\n其他银行卡那么好那你就别用我们卡了\n我刚刚已经跟您说过了\n我刚讲过的\n这个我们处理不了\n是不是你自己消费的，是不是要你自己还\n我说的已经很清楚了\n哪里你没有懂\n我最后说一遍\n这个账单就是这样的\n我们银行的规定的\n就是这么收费的\n你要不要办，不办就不办\n反馈不了\n规定就是这样，改不了\n还款不够就是有利息，本来就是这样\n谁接你的电话都是一样的，没用\n就不应该不还\n我说的很明白了，不懂您就再来电吧\n反正我都解释了\n能说的我都说了\n你不懂我也没办法\n我已经说过很多次了\n你究竟想怎么样？\n那你想怎么解决？\n我没办法承诺你\n你先听我说完吗？\n你能换个方式表达吗？\n我的服务有什么问题吗？\n你要投诉我什么？\n你能先冷静一下吗？\n我也不跟你争\n你的理解有问题\n我已经说的很清楚了吧\n',0.5,'all','沟通技巧',0.5),('9caf9b51-4fd9-4600-b877-f80c647e18bb','我这已经用好多年了，啥，额度就没调一次，没调一次额度 \n那我前两张下来就是白金，怎么到你们这里下来就是普金卡呢 \n但是你们这个记录造成我信用记录不好的话，你们这个要赔偿我，你们这样搞得我信用，一万多的信用，搞得我整个信用都烂掉了，怎么办呢？\n你也帮不上我啊 \n我不能理解 \n每天早上去抢都抢不到，太那啥了。 \n额度这么难提吗 \n都半年了，调临时额度还不行吗! \n不是您刚刚那样询问的哈 \n我不明白您的意思。 \n怎么可能刚刚来电才说加收一期手续费，你们是有录音的 \n额度为什么这么少啊\n这么麻烦\n我觉得挺乱的\n怎么额度又下降了 \n你们的卡额度怎么还不提升啊。 \n你们电话太难打了 \n都半个月了还不发货 \n老是骗人的 \n那你们这是什么规则嘛 \n真不知道，我也不知道这样也会收回去啊，激活与不激活有什么区别啊？ \n怎么这么多，你们乱七八糟的收，你们神经病吧 \n圆梦金激活不是有时间限制嘛，在有效期内还会随时收回去啊？\n我什么时候同意你办理这个 \n你们的账单出的云里雾里的 \n调来调去调不了 \n这不科学，还不能申请一下嘛 \n自己查询怎么都查询不到，服务密码没有，输入不对 \n往常短信都提示欠款已还清 \n谁还用IE8下；跟你们解释不通呗 \n你们这个热线实在太难打了 \n这么点额度啊 \n你们哪有这样的\n你们觉得有风险就给我调额啊，我都是正常用卡的，我不管，那我就不还了，当时你们说我用卡好让我升级的白金卡，年费你们收完了现在你们告诉我用卡习惯不好了！ \n你们公司真够奇怪的\n这是什么鬼东西\n你们公司是坑人的吧 \n页面没有说明要首次 \n什么鬼东西 \n你们怎么能这样呢，降额也不通知我，搞的我很窝火。 \n怎么回事，我还一次款降一次，还一次降一次。 \n这就是你们的问题，怎么投诉？利息我是不会承担的 \n我就纳闷了，什么信用卡我用了两年就涨了1000额度 \n你天天打电话让我还 \n我当时都特意打电话问了你们，你们没有跟我说\n快递单号怎么查询不到啊 \n你们中信银行在也不会办了，什么烂银行 \n你们就这么对待你们的客户\n上次我买的一个还挺快的，我一下单，就马上第二天就给我日期啦\n我自己都不知道自己卡号，也没有实体卡号。 \n我到现在都没有收到货，我查询快递单号查不到任何信息。 \n他为什么会这样呢 \n消费不出来了，被冻了 \n超时，知道啊，你那不可帮我设置吗 \n白金卡年费太高了不想办了 \n你们中信好搞笑啊\n我就是想改一下交易密码怎么这么麻烦啊 \n邮寄过来不打电话吗 \n你们这个卡已经弄得我还错，已经造成我逾期了，你们到现在还没处理好 \n你们就是忽悠人的 \n你们中信银行需要分开还的，我也不知道啊\n我知道可以提前还，问题是我不可能一次性拿这么多 \n我用别的银行卡都没有要两张卡都要还 \n你们的做法我就不满意，我要投诉 \n你们就一直发短信，连个电话都没有，就有点坑呀，你们\n那个记录还在的话，我死都要告着你们 \n为什么这么偏低啊 \n你们整天搞得有的没的，乱七八糟的\n你们就是无赖啊\n都是忽悠人的 \n我觉得你们就是胡闹\n哪有这么搞得啊 \n我还你们钱为什么就不显示呢？我都还了两天了还提示我欠那么多，我欠你们的钱就是钱，我还的就不是钱了是吗？为什么别的银行我还完之后就显示剩下的你们就始终显示我的欠款。\n你们上边明明就显示的是30秒，这是你们的问题还是我的问题？我真是不想再跟你们说什么了!\n我相信我的理解能力没有那么差\n太难刷了\n为什么不能剔除呢，我记得当时不是我的原因呀/就是你们的原因导致晚还款了，也没有人给我打电话，也没有短信通知\n跑太远了\n怎么那么费劲呢，我要求投诉\n可打通了\n现在这个事到底怎么搞\n总是还款就降低，两万变一万一万变五千，为何别的银行都没有，就你们行，不想就销卡了。\n你们中信银行竟办这骗人的活动的，真够让人生气的，你们这个银行，什么活动都不知道，自己搞的活动都不知道，你们上岗之前培训吗？我不管，你现在必须给我处理。\n那怎么短信可以看到最低额呀/那那那天你们工作人员给我打电话说还最低额可消费，你们不是有录音吗？/那你之前的话，你们的同事给我打电话说，叫我晚上六点之前还的话，就可以继续使用呀，是不是，而我有还进去呀，是不是。\n昨天也是这样说，现在还没处理好，这都是你们的说辞而已。要投诉到消费者协会等\n什么都查询不到\n其他银行都改了，就你们银行不可以。\n愿意怎么样就怎么吧\n已下表反馈\n无声电话。\n怎么每次我一还款你们就降我的额度\n2000块钱年费，这也太高了，你们当时也没说啊！\n那你说这种事情怎么办呢\n我就是打不通供应商电话才来找你们啊，为什么每次都让我去联系！\n为什么是我去问呢，不是应该你告诉客户有什么关联吗？\n也不是故意逾期的，\n我现在就要用这个钱，你们不给我用，让我陷入绝境我就不管了，你们也别找我了。\n为什么我朋友换卡不收费，我就要收15块钱。\n无声电话。\n中信银行消费成功显示太慢了，您不好意思就算了\n我们跑着容易吗，服务态度太差了；\n你们这个电话真是太难打了，传真证明不是很快么，我也不需要邮寄，怎么这么麻烦呢！\n不对啊，前天还给我发送一条\n客户表示政策要变也得考虑老年人不同对待。\n刚刚话务员没有发送要还多少钱\n无声电话。\n无声电话。\n你们这啥玩意，调额前你们不给我短信通知。 有没有专门管理的部门。\n经常刷，额度就是不能提\n这个活动规则不公平，抢到的东西就等于放入购物车等待支付即可，验证码不正确再次支付时就提示抢光了，就等于在购物车抢东西而不是货架上抢，没有这样的规则，谁把我篮子的东西抢走了？\n不是我花的为什么要我还啊\n为什么我手机申请失败（账单分期）你们人工申请也失败呢，为什么呢？\n其他银行都改了，为什么就你们银行改不了\n反正我就是很不爽\n你让我输这个输那个，烦都烦死了\n那你们怎么回事儿，难道是我的责任吗？\n那你们这也太费劲了\n我不能等，你就现在告诉我\n不是我说的，是你们同事跟我说的\n人家都有1万多积分可以兑的东西，你们两万多都不行\n我觉得这就是你们的套路\n怎么能达不到要求呢？\n那为什么我上次打电话的时候你们没有给我算进去的呢？\n有你们这么办事儿的吗？\n这玩意儿打过来都要两分钟，转来转去的，你不知道吗？\n无缘无故的卡片就出个账单出来\n那怎么给我调整了额度也不告诉我一声吗？\n同样是白金卡差距怎么那么大呢？\n你跟她沟通什么，这张卡是我在刷，我在还！\n操你妈地！\n你们这成什么了，都诈骗了！\n你们银行可真麻烦，你知道吗？\n我只是一个普通的用户，我怎么可能知道那么多？\n跟我说话不停的插话！\n你们这说话哪句是真，哪句是假啊？\n你不能让我说解决方案，现在是你们的错误，你得告诉我怎么处理！\n那你这么说我不能接受，是你们的责任，征信我不会承担！\n你不用跟我重复了，我能听懂！\n不是，你们怎么可以有这种事儿呢？\n我要的是实际效果，我要的不是反馈，知道吗？\n这不是我要减免多少，我不差这点钱，但是你们也得有诚意啊！\n我不让办止付，她非要给我办！\n那这个结果我不接受的呀！\n你们的网站是完全进去不了的！\n可是他现在打过来跟我说的，跟我上午问的都不一样啊！\n你能不能等等，你太快了吧！\n哪有这样的话务员，你们什么中信银行？\n我从来没有遇到这种情况，我不知道为什么她为什么有那么多的不耐烦！\n我要等多长时间，十天半个月我也等啊！\n你们百般阻挠，请问你们是什么态度啊？\n那是你们误导我，我得投诉她一下！\n那我怎么会不知道呢，你们这又不是很多钱！\n我打了很多次的长途电话给你们，你们应该都是有记录在案的，我现在要求你们赔偿我！\n我上次打电话让她给我办，结果她没有给我办！\n上次也说给我打电话的，你们不会还不联系我吧？\n你可以找一下录音，我特意问过的！\n你们工作人员几次的措辞我是不能接受的！\n专业水平有问题！\n我不可能有那么多时间还那么多张卡呀！\n你可以说我没抢到，你不能说我没有资格是不是？\n你们恶意挂机\n你们搞那么多，让我都没有用卡的信心了\n那你们不是骗我吗，浪费我的时间\n我觉得你们办业务的这个流程真的是很麻烦\n你现在不给我处理，我就去银监会投诉\n你先听我说好吗，你干嘛呢？\n你们客服理解不清楚我的需求，让我打了十几分钟\n是你们不愿意接了，就说我电话没有声音了\n你们不是欺骗人呢吗？\n那你们这个银行是怎么回事儿呢？\n这个钱是怎么多出来的，我也不知道呀\n你现在就给我造成很大的损失，很大的麻烦！\n你们不要觉得态度好就行，态度好不解决问题也不行！\n你有什么好保密的啊？\n你们有录音，我也有录音\n你们也不考虑实际情况！\n那你们动卡空间上显示的东西都是假的了？\n你们是人吗，还是机器人？\n这个问题你必须得给我向上反馈，要不我还得想其他办法！\n你们不是专业的吗，你们的口径咋还能不一致呢？\n我特意打的电话问的，现在还出这种事儿？\n我也是忠诚的老客户了，没必要弄那么高啊？\n那你们也没有提示啊，我是故意不还吗？\n我不认可这个情况的！\n那我的权益不是完全作废了？\n给我回复的时候就是一阵沉默，请问你们客服是怎么培训的？\n转不出去，你们为啥不通知我呢，我不问，你们就不通知我！\n我现在火死了，我跟你说！\n你按你们内部处理流程去处理就行了！\n就核实这么简简单单的事儿，你们用这么长时间吗？\n你到现在都在糊弄我吗？\n说的时候是不是你们也没说清楚啊，我们是不是有通话记录，你可以核实一下呀！\n你们导致我在国外发生了很尴尬的情况！\n你们是不是把客户都当傻子了？\n一直以来中信的服务，我没有遇到过这样的！\n我不听你这种理由！\n你还让我讲几遍\n我肯定不记得了呀，那么多信息，我哪记得呢！\n我给你们打过电话，你们不是这么说的\n你凭什么让我输入交易密码啊？\n你们每次都是这样子，过了几个月就还是这样的！\n那我不管\n我是不是得报警？\n万一有怎么办，你就告诉我，别跟我说没用的！\n我还了的，你怎么能说我没还呢？\n你当时告诉我啊，你当时也不告诉我，你现在跟我说，就叫欺骗！\n他完全不按我说的来，你们银行怎么处理？\n你管那么多干嘛？\n你们老是晚上跟我联系!\n你们就是坑人！\n你让我去搜，你这话是什么意思啊？\n至于我满不满意，投不投诉是我自己的问题，对吧？\n我要的是结果，不是你重新给我算！\n你们也不提示，也不打电话告诉我一下，我也不是恶意不还！\n你们有点太坑了，我都不知道你们规则什么时候改的！\n你们上岗之前都不培训的吗？\n谁能记住这个问题呀，你说你问的这个问题！\n你们都是在瞎扯淡！\n我都跟你们说多少遍了，还让我说！\n我都是如实跟你描述的，你可以看你们自己是怎么回答的！\n我现在也不想跟你争辩什么，但是我是一定要赔偿，要给我一个说法的！\n我跟你说，我有银行中级职称的证书，你们给我普及银行知识？\n我希望你们给我一个反馈，否则我会一直投诉下去的，希望你们能够重视！\n我没事儿找事儿干吗？\n你们搞鬼呀\n你们的口径不一样啊\n是你们的工作人员跟我说的，你们到底怎么回事儿啊？\n那你现在听得见吗，你耳朵聋了吗？\n你不给我处理，我上你们银行投诉你们去\n给我转你们值班经理，听见没有？\n这张卡我都没有用，我怎么知道，怎么懂，要还哪个卡上！\n你们就是欺骗，你们还有没有诚信了？\n我要再次投诉他，完全不按我说的来，擅自汇报。\n你这不是扯淡呢吗？\n你们不应该耽误我休息的时间！\n你们不能告诉我信息，跟我核实资料干吗呢？\n你让我自己去网络上查，你什么意思啊？\n你们狐狸尾巴露出来了是吧？\n你反馈能解决什么问题，你能把钱给我退回来吗？\n多亏我自己打电话问了一下，要不然我都不知道！\n我觉得你们好搞笑啊！\n我现在已经很和颜悦色了，非让我破口大骂吗？\n你们就是这么欺负老百姓的吗？\n3个工作日，你还让我等3天？\n你们自己都弄不清楚，还要给我讲课，想要把我糊弄过去！\n你必须给我一个理由！\n我要等你多久啊！\n其他银行都不像你们家这样的\n你怎么还查呢，怎么这么慢呢？\n什么态度，我问你是什么态度？\n我都没有用过，这个钱是怎么来的？\n你这样我可以告你\n你自己记录一个投诉吧，别跟我说那么多，你就是服务态度不好！\n我对你的服务很是不满意，你给我记录下来！\n我还纳闷呢，我还问了好几遍，你们可以自己听录音\n我现在是要投诉你，不是要问其他的问题！\n这是人之常情嘛，对吧？\n你核实不就听个录音吗，用得着那么费劲吗？\n我就是不同意，反正我就是不还款了！\n那我打电话的时候，你们完全没有跟我说明这个情况，那你们那个客服是真的不行啊！\n我好不容易有点素质，还碰上你们的傻逼客服！\n你让我怎么接受，我能接受吗？\n不行，你们告诉我今天就给我回复，你现在又3个工作日了，我凭什么再等3天啊！\n技巧都是第二层次了，主要的是真诚！\n你们为什么没有给我讲清楚？\n你不觉得这件事情很恶劣吗！\n你们的系统能不能改进改进\n你是不是做客服的，你会不会好好说话？\n那我的钱到底还到哪里去了？\n你别说了，你给我去查录音吧\n我很蒙，我懵圈了！\n你既然给我回复，你就要给我拿出方案，拿出你的态度来，对吧？\n现在怎么就核实不了呢？\n你乐意销你就销了吧，卡我也不管了！\n我打半个小时，都不能解答这么简单的问题！\n这不是9毛钱的问题吗，你们让人心里很不爽！\n你们话里话外就是这个意思呀？\n我希望以后不要发生这种事情了好不好呀！\n你们别来害死人！\n我到底要等到什么时候啊？\n我名字怎么写，你自己看不见吗\n你跟谁俩讲话呢？\n你们到底是怎么搞的？\n我现在就是抗议，我就要告你！\n我都已经还了，你们还给我扣钱！\n你是大早上故意气我的吗？\n那你是怎么算的，你怎么把我整糊涂了呢？\n你们的客服完全没有责任心，没有责任感！\n我不信任你们，我怎么能信任你们呢！\n你们的办事效率真是高呀！\n你们这件事情搞得我已经不信任你们了！\n你们在引导我们犯罪，你知不知道！\n这是你们的失误\n我都想把你们卡销了，你不用跟我解释了\n中信银行就要你这样的客服啊？\n你说气不气人啊？\n你们这是欺负人，你知不知道？\n你给我开什么玩笑呢？\n这么多银行，你们银行没有什么优势吧，你们咋还这么牛逼呢？\n你们到底行不行，不行就滚蛋！\n这是你们严重的错误，不是你们解决不解决，你们气不气人！\n我能不能再反馈给你的上级，她们不接电话是吗？\n你有没有跟我说过这个话，你有没有说？\n我告诉你，谁都有电话录音\n我现在就要个说法\n你们不能给我何时完回过来吗，让我等了十几分钟！\n你们给我讲了15分钟，没有任何实质性的东西！\n你听不懂的吗？\n我二十多分钟不是时间啊，你现在跟我道歉有什么用啊？\n你们这样我觉得很不合理\n老百姓的钱不是钱啊？\n你必须得给我反馈，给我处理！\n哪个银行是这样服务的？\n你后来说了还有什么用啊，你前面怎么给我说滴？\n你们不保证，我就不挂电话\n你一个抱歉就完事儿了呀，我欠你家的呀？\n你抱歉就完事儿了呀？\n你必须得给我调回来，必须给我一个说法\n你们以为这是过家家吗？\n你觉得你能接受吗？\n那以后是以后，以后我就知道了，但这次你得给我处理！\n你搞错了，我投诉是让你们给我回电话的，你听明白我的意思了吗？\n你不用跟我道歉，我就是实话实说！\n我凭什么不能到你们柜台办理注销，柜台不是你们中信银行吗？\n我要有直接的方法直接打你们总部的电话投诉！\n你们没有这个道理的好不好？\n你刚开始干嘛去了，啊？\n让你们值班经理十分钟之内给我回电话！\n你什么语气给我报的工号，啊？\n你挺硬啊，你脾气挺硬啊！\n你是不是浪费我时间，我再问你一遍?\n我问你话呢，你听不着啊？\n我再问你最后一遍，我问你的东西，你听着没有？\n你不说话，咱们就耗，看谁能耗过谁？\n谁让你转的，你玩我呢，你们中信银行玩广大群众呢？\n什么叫我让你怎么回答，你什么口气，你自己不知道吗？\n你必须得再给我打个电话赔礼道歉！\n你他妈的是怎么长大的，你脑子有病吧！\n你抢你妈了个逼啊，你能不能不抢话？\n你他妈的是不是闲的慌的，给我打这个电话干什么？\n你又不能处理，你给我打这个电话干什么？\n你听不懂人话吗？\n你们有没有处理投诉的人？\n你连这点智商都没有吗，我一直在说话，你一直在插嘴！\n你是畜生吗？\n你给我解释清楚你打来电话是什么意思，你解释不清楚，你不能给我挂电话！\n你是不是犯贱，找骂啊？\n你解决不了问题，你给我来什么电话啊？\n你没有权限，你给我回电话干什么啊？\n你们银行是不是专门找你们素质低下的做外呼，气别人啊？\n你们工作人员几次的措辞我是不能接受的！\n你们是不是把客户都当傻子了？\n我跟你说，我有银行中级职称的证书，你们给我普及银行知识？\n你们自己都弄不清楚，还要给我讲课，想要把我糊弄过去！\n技巧都是第二层次了，主要的是真诚！\n我希望以后不要发生这种事情了好不好呀！\n你们这件事情搞得我已经不信任你们了！\n你们给我讲了15分钟，没有任何实质性的东西！\n你们没有这个道理的好不好？\n这不是钱的事儿，这是一种安全性的考虑！\n你能不能提高一下咱们沟通的效率！\n你现在就是把责任推给商家了，人家是正常处理，想跟你们几级沟通的，是你们不跟他们沟通！\n你想想你们有没有不到位的地方！\n你一直让我稍等稍等，也给不了我一个专业性的答复！\n你是让我教你们怎么核实吗？\n你们是服务提供方，我是消费者，不是我担待你们哦，你们角色是不是搞错了！\n我用你教我呀，我也在银行工作十几年了！\n我不是第一次办预授权，你不要跟我绕，请你正面回答我的问题！\n是不是我哪天逗你一下，玩一下，然后我说对不起，说理解你，行不行？\n人家商户是没有责任的，你们有责任的是不是？\n我都无语了！\n你一直向我提要求，商户有责任吗，我有责任吗？\n本来客户刷信用卡是为了方便，你看我现在！\n你不要拿这些东西糊弄我！\n你不要跟我讲这些道理，也不要让我不要担心！\n你事情都没有搞清楚就给我回电话？\n我恼火的事情是什么，是事情不应该这样子处理的！\n你自己去给我听一下我跟你们沟通的录音！\n这个电话，你打给我是正作用，还是副作用！\n谁用你给我讲预授权的道理，要不要我给你讲一下天气为什么会下雨，风马牛不想提的好吧！\n商户在事情没有弄清楚的时候，人家是说先沟通，你们直接就把责任推给商家了！\n315也是刚刚过，刚刚成立了银行监管部门，我是不是也要打一下这个电话？\n那为什么没有微信、短信提醒呢，哪去了呢？\n道歉有用吗，如果道歉有用，国家还需要法律吗？\n不是我担心不担心，而是你们没有做好你们该做的！\n什么是可能啊，我买东西我就说我可能买了，可以的吗？\n我打你们电话那么长时间，没有给我赔偿吗？\n我是不是提醒你们了，你们怎么还不改正？\n什么叫可能呀，我每次消费完，我说，不好意思我可能要还款，可以是吧？\n狼来了的故事，你们现在就是这样的，我已经不相信你们了！\n我昨天我说话是他妈放屁的是吧？\n算了算了，多说无益！\n你们就是这么对待客户的呀！\n我卡已经注销了，怎么还会出现这种问题呢？\n没有提前缴款，你们怎么会给我销卡呢！\n我当时销了几家银行的账户，就你们家出现这种问题！\n这不合理啊，我有欠款你们怎么可能给我销卡呢？\n搞得我莫名其妙！\n这也是你们工作人员的失职啊！\n你们电话都是有录音的，你们可以自己核实录音的！\n钱都是小事儿，我关心的是征信的问题！\n我欠钱你们也不联系我，我收到邮件，我才知道！\n在没经过我确认的情况下，自作主张！\n你做任何决定，任何操作必须要经过客户的认可！\n我哪有时间总有时间等你们的电话，让你们搞这些事情啊！\n你们自说自话的这种行为！\n那你这个人莫名其妙啊！\n你这个人是有问题的！\n你这样子弄得我很不爽的！\n我不需要你来个止付啊，那你知道你为什么还给我支付呀？\n你真的是有毛病的！\n你真的是有神经病的！\n我这种情况我不需要你负责！\n你何必给我惹麻烦呢？\n你还在跟我解释什么啊？\n很讨厌，你这个人真的很讨厌！\n你不好意思你解决不了我的问题啊！\n你真的是脑子有毛病的！\n我的卡在不在跟你没有任何关系！\n你凭什么给我止付，你凭什么呢？\n我要直接投诉，让你们领导知道！\n你们也太离谱了吧！\n你这严重影响了我的信用记录啊！\n大清早的给我发短信，让我开死亡证明！\n你们怎么办事的？\n反正我就要获得礼品\n你们同事怎么那么不负责任\n当初你们是怎么说的\n你们怎么说的都不一样\n你们怎么瞎搞的\n语气和态度不好\n要有个说法\n浪费我半天时间\n我要投诉\n你们都是一群猪脑子的！\n没有理解我的意思\n给我带来很大麻烦\n你眼睛不是长进屁股里去了吗？\n非得逼我生气，跟你喊是吗？\n你越他妈问，我越生气，知道吗？\n让她给我赔礼道歉！\n你听得懂人话吗？\n这笔办完我就把卡销了，太费劲了！\n你们人工犯的错误，让我来承担！\n由于你们制度的原因，还得让我等一个礼拜！\n你们再怎么说都是套话了！\n你们短信都不发给我，我怎么知道什么时候开始抢兑呀！\n那你这个太不合理了，万一我储蓄卡上的钱急用你给我扣掉，我怎么办？\n你们业务人员说办白金卡15000以上额度我才开的卡，那不是骗人嘛？你们工作人员骗人的嘛\n你给我查询下当时哪位接的电话，我要投诉他\n你们这利息也太高了，比高利贷还高\n你们上个月派了六个人去了我家找我，你说你们人员要是让我活，让我好好活着，我至少慢慢还你们，如果你们被逼得没有办法了，去了法院了，你说我怎么办，我还小着呢\n哪里有人问这个的。你问这些干什么，怕我是假的，我怎么会记得。\n\n我自己多存的钱，你们不给我利息就算了，转出来还要收我费\n你们人工太难打了，20分钟了都没人接，你们人工干什么去了\n评分不下来，你得给我一个理由啊，你们一千都不给我批啊？我以前办过中信的，只不过注销了，你们故意整我啊？\n我办理分期时你们没提示我要收这么多费，你们简直是在欺诈\n你们这个真的太麻烦了，我找了半天都没看到\n你们银行太不人性化了\n你们在玩弄文字游戏\n我根本没有让开通，你们凭什么乱扣我钱\n我用了这么长时间卡了，分期也给你们办了，怎么还不给我调额。\n降额也没有短信通知，什么通知都没有，什么也没有\n每年收我卡费了，就这么服务我是吗？玩呢\n我就是本人，问这么多，真是麻烦\n你们不要每次说反馈反馈，就不解决问题，要把我往死路上逼，你们不要忽悠我\n每年收我卡费了，就这么服务我是吗？玩呢\n每个人说的都不一样，没有一个标准，我打电话就是投诉\n哪点综合评分不足了，单位，学历，财力不合格，你说哪一点\n能不能换个人，跟你说咋那么费劲呢\n你考虑下你们银行做事有多过分，真是太过分了。\n你们官网怎么那么差，跟招商没法比\n你们人工怎么这么难打啊。\n这是霸王条款。\n黑心银行，就知道收我们客户的钱。\n搞不起活动就别搞。\n你们这是欺骗消费者。\n给我等着，我要向媒体曝光你们。\n你是不是新来的，查询这么慢。\n你要是处理不了，给我换个人服务。\n把我卡片止付了，当初为什么给我批核，你们是谁啊。\n你们是不是都上过大学啊，什么素质。\n会数数吗？账单都能看错。\n你还是大学上呐，怎么说话硬邦邦的。\n什么意思？我核身问题不记得怎么了，赶紧的。\n你处理不了，就给我转介你们领导，不要浪费我的时间。\n你们银行脑子是不是有毛病啊，给我这么少的额度。\n你们是不是抢钱啊，收我这么多利息。\n凭什么停止我用卡还不告诉我，我要投诉你们。\n我就是持卡人本人，怎么就不能办理业务了。\n我就是持卡人本人，怎么就不能办理业务了。\n我就是持卡人本人，怎么就不能办理业务了。\n我已经被你说晕了，太复杂了。\n这你都找不到，是不是输入错误了。\n处理这个业务要那么久啊.\n服务太差了。\n我要投诉到媒体、银监局。\n我要投诉你们那个同事,服务不好\n你们降低额度怎么没有提前通知啊?你们银行是霸王条款\n怎么我用卡那么久都不能调整额度？我还款没有准时吗？\n你怎么那么不专业啊？\n你们到底怎么回事啊？刚才又说取消了，到你这里又模棱两可\n你们动卡空间那么多密码，我都不知道怎么记，只有你们银行那么麻烦\n我资料都很多年的了，谁还会记得啊\n你们银行怎么那么麻烦啊\n我刚才打了一个多小时，你们都不接电话，你们不知道你们的电话那么难打吗?\n你们没人告诉我还款还至那张卡上，什么电子卡你们当时都没有说清楚\n我还款了为什么你们短信提示我逾期，我不是已经还了吗？\n你们每天都说反馈一下，我都等了十几天了，我等不了了\n为什么其他人可以更新征信，我就不可以？\n你们都没有短信通知我还款，从来都没有，都是我自己查询的\n我谅解不了你们，你们都不给我解决\n你们根本就没有去做，你们这个我都接受不了的\n我为什么不符合资格，你给我说说你们的规则及看看我账户是不是已经符合了\n我要投诉你们，你们之前升级的时候告诉我额度会长的\n为什么当初你们升级时没有说清楚降级要换卡？我都没有用你们的新卡，你们为什么要换卡？\n升级时都没那么麻烦，现在降级就那么麻烦\n我都达标了，为什么你们连资格都不给我？\n',0.5,'user','换位思考',0.5),('ca6f955b-a5a5-4bee-83bf-c1be88957caa','你找业务员\n你到时候再打电话把\n要转之前同事\n这个事情不是我跟进的\n那你去找别人啊\n又不是我弄的\n就是你自己的问题啊\n我帮不了你\n你去问问xx吧\n规定就是这样子的\n要不你重新打电话进来\n没有办法的\n要不你再等一下\n你自己查一下吧\n你自己可以看账单啊\n你自己看不就知道了\n晚点再看一下吧\n你自己想想办法吧\n要不你让别人帮你一下\n我也不知道什么情况啊 \n这跟我们没关系，您去找XX吧\n您这个业务有人处理过，我还是帮你转给那个同事吧\n可能就是这样子吧，你试试\n如果不行，您下次再来电吧\n您的问题我处理不了了，我帮你转介一下领导回复\n这个我不会，我帮你换个人吧\n差不多是这样子了，没有别的办法了\n这个我不知道哦\n你可以打这个电话问问什么情况\n你下次再打电话申请减免费用吧\n这个要过段时间再打电话试试的\n你这个业务最好自己在动卡空间办理\n不好意思，我是新来的\n这个业务有点复杂\n你和我说也没有用的\n现在有点忙，你晚点再打电话吧\n这个是规定，改不了的\n要不你用别的银行的卡片吧\n又不是我不帮您，是这个问题没有解决办法\n差不多行了\n我也没办法\n我的权限有限\n我帮不了你\n你可以自己再试试\n我想帮您但是…\n我也不太懂\n我也不了解\n你可以去\n你找我没用\n我只是个客服\n自助办理更好\n你可以app上了解\n微信公众号里都有\n我给您发送一下链接\n系统升级办理不了\n你可以自行来电\n我们不能回电\n回电您可能接不到，您自己\n今天办不了，明天再来电吧\n您打投诉建议专线投诉吧\n今天我也办理不了， 你明天致电来办理就可以\n这是储蓄卡的业务，我们是信用卡中心无法为您处理\n我已经告诉过你啦，我这里办理不了\n这个你去找别的银行\n我已经尽力了，我帮不了你\n你遇到的问题，也不是我的问题。\n这个我不负责，麻烦你找别人\n你问我我也不知道的，这是第三方平台的处理的问题\n很抱歉，一通电话只能核实一次，本此通话未核实通过，请稍后致电\n这个我没有权限处理不了\n活动都是有规则的，我也决定不了\n这个是系统的问题，我也没办法\n我们也天天加班，你打电话打不进来我也没有办法\n语音系统拨打流程繁琐，这也不是我的问题呀\n中信银行手机APP的问题，请您联系储蓄卡，我这边处理不了\n如涉及到中信官网的问题，也请您联系咱们储蓄卡\n我们只能处理信用卡业务，其他平台的业务无法处理\n动卡空间软件无法解绑，我也没办法\n不是我不愿意，是确实帮不到\n你再试试吧，不行再次联系\n你到时再来电\n后面有费用你再来电，应该是没有\n你是要找之前的同事是吗\n我需要问下上位同事\n帮你转接给上位同事回电是吗\n这个我看不到，你问下在线客服吧\n这个我不清楚\n没办法转接其他人\n你有需要再给我们打电话吧\n需要你重新致电\n我们就不打扰你了，到时你想好了再给我们打电话\n我记录了，你到时看看，看好了再给我们打电话\n现在办理不了\n我不知道你和上位同事沟通情况\n我帮你问问，你保持手机号码畅通\n我明天休息，你有需要再给我们打个电话吧\n晚点再试一试号码，我现在也不知道问题在哪里\n没找到你说的这个，你再看看\n没有你说的这个哦，你是不是看错了\n过几天你再来电吧\n这是规定\n这是我们银行的流程\n我解决不了你的问题，你再打一次电话\n我看你之前来过电话，我让那个工作人员跟你联系\n您拨打我们银行供应商确认一下\n我想帮您，但是我没有权限\n这是厂商的问题\n这是你个人疏忽\n这又不是我个人的问题\n您的问题我们银行不能帮您解决\n银行又不是我开的，我说了不算\n下次再说\n这是您个人喜好问题，您个人承担\n您去找您的客户经理确认一下\n我们电话都有录音，所以不存在误导您\n我明天休假，您自己来电吧\n只能这样，我也没办法\n这是我们电话销售人员的问题，你去找他\n应该是系统问题，您明天再来电试试\n这个问题不是有工作人员跟您说过了吗\n您这个情况比较复杂\n你再考虑一下再来电话吧\n您这个情况有我们专职同事负责\n我不懂您的意思\n你再打一通电话吧\n明天我不上班，您自己来电吧\n不归我管\n你找别人吧，这不是我们银行的\n不好意思，没办法\n你明天再来电话吧\n现在不知道\n你自己去找供应商\n官网上有你自己去看\n跟我们银行没有关系\n您可以打开快递看一下\n我们有用卡服务手册，上面都有\n先生，稍后为您转接语音，您重新选择进入下一个客服\n你自己查\n不归我们管\n你去投诉吧\n这件事有人在处理了\n这不是我负责的范围\n您这种情况我也没有办法啊\n要不您再想想其他办法\n这也不是我们银行的责任\n我有说吗？您听错了吧\n你明天再拨打我们的客服电话吧\n你收到卡的时候没去看我们的用卡指南啊\n你的消费你可以自己通过微信查的\n你再等等吧，东西邮寄需要时间的\n跟你解释这么多你也不能理解，你先自己去体会下吧，有问题再来电\n你可以让你家人帮你操作查询\n你说的我真的不知道，你可以打其他银行的电话确认\n这个我真的没有办法帮你了\n这个情况只能让商户给你处理了，你再联系商户吧\n下次你再来电话查查处理的情况吧\n这个网银问题你直接通过官网联系在线客服处理吧，我不负责的\n我真的是没有办法了，给你的结果就是这样，如果不接受就找其他人处理吧\n应该是你当时没有听清楚办卡工作人员的介绍，你可以再找下给你办卡的人\n短信已经给你发了结果了呀，你再去看下吧\n您到时再来电处理就可以了\n我帮您转介之前同事处理\n我明天休息，麻烦您到时再来个电话\n不好意思，查不了\n你可以再来电话\n我们没有这个义务\n您让其他同事帮您处理一下\n查不了就是查不了\n账单已经提示您了\n您自己去看就可以了\n不是我帮您处理的，我不太清楚\n这不是咱们银行的问题\n这个不是我负责的\n您自己查询一下吧\n您先确认好再找我们\n你找一下给您办卡的同事吧\n这是您自己的问题\n你找我们也没用\n我们没有这样的服务\n这个超出了我的工作范围\n您的问题不是我行导致的，建议您咨询第三方确认\n建议您核实后再致电\n建议您可以发送截图给到在线客服确认\n建议您多次尝试\n目前反馈的问题我行暂时处理不了建议您自行关注\n我们没有关注跟进的系统，您只能自行来电了\n我已经给您备注了，后期来电同事会跟进的\n您需要转介上位同事给您跟进吗\n我不是上次接您电话的同事，您说的我不太了解\n非常抱歉我这边核实不了\n建议您考虑清楚后再来电\n您可以先与家人确认好分期的期数再办理的\n这个我们不太清楚\n建议联系商户确认\n您在我行卡片正常，建议您换其他方式尝试使用\n我们是不能自行联系客户\n这个业务没办法受理\n需要自行关注\n麻烦您自己留意了\n核实身份不通过建议您再来电\n我听不懂您说的活动，您再去看一下活动再来点咨询吧\n我们的账单没问题，您先自己去查看一下，有问题再来电吧\n看到之前同事在跟进，我帮您转介吧\n我也没有办法\n你自己去找供应商吧\n这个需要预留号码来电办理，你再重打一次吧\n我们银行不管这个\n我无法解决您的问题，你再重新打电话吧\n今天太晚了，无法处理，明天您早点来电吧\n我明天休息，无法为您跟进\n这是你自己不还款导致的\n我们活动都有细则，你没有仔细看嘛\n我没这个权利\n银行流程就是这样的，大家都要遵守\n我们同事不是和您回了电话了吗\n不是发了单号给您吗，你自己可以查看的\n等出了账单你再来电话减费用吧\n我换个人和您说吧\n同一个问题已经说了很多遍了，你自己理解一下吧\n我只能查到这些，别的无法再为您处理了\n这个问题不归我管，你找其他人吧\n你明天再打过来吧\n这个不是银行的问题，处理不了\n你的这个问题之前已经有同事处理啦，我给你转上一个同事吧\n银行流程就是这样的，没有办法\n活动规则就是这样的，没有办法\n今天办理不了，你明天再来电吧\n情况已经全部登记，如果还有问题可在线转主管，您还是不同意的话我确实帮不到您什么了\n你自己去找商户吧\n这个需要xxx，你再重打一次吧\n我们银行不负责这个业务\n本次确实无法解决您的问题，你再重新打电话吧\n这个问题现在处理不了，你找在线客服吧\n我明天休息，无法为您跟进，你自己再来电吧\n是因您自己不XXX导致的\n我们活动都是有细则，是因为你自己没有仔细看\n等出了账单你再来电话减费用吧\n这就是银行的规则，大家都要遵守\n我们同事不是已经给您回了电话了吗\n不是发了账单给您了吗，你自己可以查看的\n你稍后可以通过动卡/微信查询\n你可以晚点再看看\n你可以稍后再来电\n我让之前的同事给你回电解决吧\n你过一会再试试可能就好了\n你问问对方能不能办理\n你详细看看活动介绍再问\n现在我这里没有办法为你处理\n我把供应商的电话电话给你，你问下他们\n你的实名制需要电信那边查询后才知道，你直接问问他们\n现在不是工作日的办公时间，你等到工作日办公时间再来电\n你说的那天我休息，你再打电话过来吧\n这个我没有办法为你关注，还需要你自己关注一下\n我明天是下午班，没办法上午联系你\n这个就不是我的工作范围了，我不知道，没办法确认\n我现在到了吃饭时间了，你再重新拨打一次电话吧\n这不是我们的问题，没办法解决\n这个问题你最好找在线客服解决\n你说的问题我确实不知道去找谁处理\n这个问题不是我跟你说的，我不知道什么情况\n今天办不了，您明天再来电\n这个没办法\n这个问题现在无法处理\n自助渠道可以办\n您考虑好再来电\n正常处理时效，无法加急\n您说的这样处理不了\n规则就是这样的\n您找供应商问问\n这个不归我们负责\n这个问题你应该找谁谁\n您的需求满足不了\n您说情况已记录会有其他工作人员联系\n现在处理不了，等专职人员\n我没有权限，处理不了\n您想怎么处理呢\n您说您想减免多少，我给您申请\n这个没办法，确实解决不了\n现在这个业务办不了，您自助渠道办吧\n借款没到账，您再等等或者问接受行吧\n没有办法，卡状态变是正常的\n重新换个商户消费吧，\n老客户有老客户的活动嘛， 新客户有新客户的活动\n那你重新再拨打客服热线吧\n我刚刚已经和你说了\n我们这边是查询不到的\n不是我说的\n办不了就是办不了\n这个有意义吗\n查询不到，你过几天再来电查询吧\n您自己报一个\n无法更换接听人员\n我们是接客户电话的\n咱们是给您正常解释呀\n银行退款逻辑是这样的\n新华字典上有解释\n你这么想我也没有办法\n你自己理解的有问题\n真的查询不了，无法确认\n我们看不见\n这跟我们没关系，您去找XX吧\n您这个业务有人处理过，我还是帮你转给那个同事吧\n可能就是这样子吧，你试试\n如果不行，您下次再来电吧\n您的问题我处理不了了，我帮你转介一下领导回复\n这个我不会，我帮你换个人吧\n差不多是这样子了，没有别的办法了\n这个我不知道哦\n你可以打这个电话问问什么情况\n你下次再打电话申请减免费用吧\n这个要过段时间再打电话试试的\n你这个业务最好自己在动卡空间办理\n不好意思，我是新来的\n这个业务有点复杂\n你和我说也没有用的\n现在有点忙，你晚点再打电话吧\n这个是规定，改不了的\n要不你用别的银行的卡片吧\n又不是我不帮您，是这个问题没有解决办法\n差不多行了\n明天我们班次比较晚，还是你自己来电比较好\n人工计算有误差，你明天再来查询\n取消不了就是取消不了，我也没办法\n我只是个客服/接电话的\n我没有权限\n我明天休息\n如果我能确认到肯定没必要拒绝您，但是确实确认不到\n也不知道为什么分开扣\n那我们流程就是这样子啊，你要我怎么做\n这本来就是银行的规定，你要我怎么跟你讲嘛\n解除不了，没有办法，我已经说过了\n我不想跟你说那么多，没有办法解除\n我给你转专职同事吧，你跟他们交流一下\n能帮您做的已经做了，如果您还不接受只能帮您转主管了\n您还是不同意的话我确实帮不到您什么了\n那我现在回你这个电话没有任何意义\n您不来电话也销不了，对不起\n没态度跟您说，您是第三方\n其他客服怎么样的情况不太清楚\n是呀，我有说过吗\n我转介之前处理同事，让她给你回电\n这个我不清楚，不是我给你办的 \n这个不是我能处理的 \n你这个有同事已经在跟进了，你耐心等待好吧\n哦，那可能之前同事给你提供错误信息了\n你知道他工号吗，我反馈一下\n现在系统结算，无法办理你的业务\n之前谁给你办理的，我让同事给你回电\n现在转介不了，你重新再打吧\n这是你的权利，你可以重新拨打电话反馈\n我能转肯定给你转，但现在转不了呀\n我把账单发给你，你可以自己看看\n我们上班不能看手机，无法同步操作\n我们上不了外网，你可以自己去核实\n这个要联系供应商，我们处理不了\n这你要联系保险公司\n我只是个客服\n我明天休假\n你明天再打电话过来好吧\n这个需要你自行关注\n我也没办法\n我的权限有限\n我帮不了你\n你可以自己再试试\n我想帮您但是…\n我也不太懂\n我也不了解\n你可以去\n你找我没用\n我只是个客服\n自助办理更好\n你可以app上了解\n微信公众号里都有\n我给您发送一下链接\n系统升级办理不了\n你可以自行来电\n我们不能回电\n回电您可能接不到，您自己\n今天办不了，明天再来电吧\n您打投诉建议专线投诉吧\n这个需要您自己来电办理\n这个没有去看，您后期关注账单还款\n我们同事今天不是跟您说了吗\n您自己计算好吗\n账单出来，您自己就能看到了\n我们同事会联系您的\n明天我休假，需要您重新来电办理\n没有到账，办理不了，您自己之后再来电吧\n我们每个同事都能为您办理的\n您不用找我\n我只是个小小的客服\n我们是24小时服务的，您可以随时来电，都有人为您处理\n我这里没有外网，您自己在网上查询吧\n我权限有限，我处理不了\n我帮您转介之前接听电话的人给您回电\n具体的网点信息，您可以百度\n您打供应商的电话问问吧\n你们怎么沟通的，我不清楚，我转介之前沟通的同事给您回电\n这个计算很复杂，等账单出来后，以账单为准吧\n您的明细比较多，您自己查看电子账单吧\n系统清算，办理不了\n还款没到账，办理不了\n我帮你转介之前同事，他比较清楚\n和我没关系，我办理不了\n银行的规定没办法\n你可以通过网银办理，我们人工还很麻烦那\n对不起，这个需要你明天来电，因为没到账\n银行的政策没办法改，我也办理不了\n我休息，你再来电吧\n我们主管不上班，你再来电吧\n我一个小小的客服，办理不了的\n领导也没办法，办理不了\n你可以投诉，再打电话过来\n我们不能换人，您再打过来吧\n我们不能换人，我给您转IVR\n这个不知道，你问下办卡人员\n这个不知道，你问下分行\n这个不知道，我给你个电话你自己咨询下\n这个不知道，你百度下\n这个业务我们没有\n这个不是我们这边办理的\n你自己联系供应商确认吧\n不好意思，我这边处理不了\n不好意思，我这边查询不了\n您联系商户确认就好，我们这边也是一样要联系商户的\n我明天休息，你自行再来电吧\n这个是需要你自己联系保险那边的（多次婉拒客户反馈需求）\n这个是网银问题，建议你咨询储蓄卡客服\n（借贷合一账户）你可能还到储蓄账户里了，建议你咨询储蓄卡那边\n我这边是回电办理分期的，如果有其他需求建议您拨打客服电话\n那我帮你转上一位接线同事处理\n你还是等入账后再来电核实吧（客户多次要求同事跟进）\n现在晚上系统结算，无法办理（客户多次要求同事关注处理）\n这个活动是银联那边推出的，你要咨询那边\n你网上第三方平台交易不成功，要咨询交易平台那边\n积分礼品的问题要咨询供应商那边，礼品不是我们发的\n利息还没生产，你等出账单后再来电（客户质疑同事不能处理）\n你自己百度上查询一下邮编吧\n网点的电话官网都有，你自己查询一下吧\n这边不能转其他人接听\n我帮你转之前同事处理，让她给你回电\n我们电话比较繁忙，如果您后面记起来还有需求再重新来电吧\n我这边查不了，你去百度查询一下\n我马上要下班了，无法回电，你重新来电吧\n我只是个员工，解决不了你的问题\n我说我处理不了就是处理不了\n这个就是要联系商户，没有其他办法\n现在太晚了，你后面自己重新再来电吧\n这个是之前同事的问题，我不知道情况\n这个不在我的权限范围内，无法处理\n这是系统问题，解决不了\n这个是你自己的问题，你自己去协商吧\n我们银行不是救济机构，处理不了就是处理不了\n有什么问题你可以去找监察\n无法在线转介，你重新来电吧\n我们这边上不了外网，你自己上网去查询\n这是储蓄卡那边的问题，你自己去打储蓄卡解决吧\n如果你不相信我，你可以重新来电换个客服\n我去帮您找上一个同事回电\n这个要你自己找快递公司联系，我们处理不了\n先生你通过网络渠道办理就行了\n我们人工办理不了的\n我刚才已经跟你说过办理不了了啊\n不是我不想解决，是解决不了\n明天你自己来个电话吧\n我们现在处理不了，你明天来电办理\n我不知道之前同事怎么跟您沟通的，我让之前同事给您回电\n我明白不上班，您明天方便自行来电处理\n现在还未入账，处理不了的，你等入账后来电办理\n我现在也办理不了，你稍后再试试看有没有问题\n我只是一个客服\n你再等等，我们同事如果答应给您回电，一定会回电处理的\n晚上只能办理查询业务先生，你明天早上九点后再来电办理其他业务吧\n我等下发送短信给您，您按短信内容操作，人工更改比较麻烦，这种方式方便很多\n我把账单发给你，你自己看看看吧\n你自己找供应商问问能不能退，我们这边操作不了的\n我们这边查询不到你要兑换什么东西，你可以在官方看看\n我们这边看不到您所在界面，我们是连不上外网的，你再试试，还是不行的话就截图给在线客服\n我们上班不允许拿手机的，你看看界面上有没有\n您再去打电话问一下您的供应商看看有没有实名认证，我们这边看到是没有的，如果您确定有您再跟供应商确定一下是不是不是这个手机\n你明天再来电话看下吧\n这个不清楚，你可以后期关注一下\n你后面再关注一下吧\n喔，那我转介你之前沟通的同事看一下\n又不是我弄得，干嘛找我呀\n我建议您核实后再来电，这样会好一些\n建议您可以发送截图给到在线客服确认一下情况\n建议您多次尝试，有问题再来电咨询\n您反馈的问题我行暂时处理不了，不是我们的问题，建议您一下自行关注一下\n不方便跟进，麻烦您后期自行来电了\n我已经给您备注了，后期来电同事会跟进的\n您需要转介上位同事给您跟进吗\n我不是上次接您电话的同事，您说的我不太了解，帮您转接之前的\n我也不清楚，您别问我了\n这个我不知道\n这不是我们的责任\n我不清楚，你找其他的分行询问吧\n办不了，谁让你没有记得这些问题，自己后面关注一下吧\n系统故障，你重新再拨打一次客服吧\n你明天再打过来吧\n很抱歉，我们不能回拨您的系统手机办理业务！\n我现在不用记录，您重新来电的时候跟我们同事说就好了\n我们在线转不了投诉，我们没法给您转介！\n我没法给你关注，您明天自己来电话处理吧！\n您还是不同意的话我确实帮不到您什么了！\n现在系统无法修改，您让我怎么处理，只能这样了！\n现在不是办公时间，确实没法受理您的需求！\n那你要是一直坚持按照这个角度想的话，我们也没办法了！\n您要求回复的时间太晚了，您稍后方便自己来电吧！\n您的消费太多了，几十笔呢，您自己查询一下电子账单吧！\n我们是呼入电话，无法进行外呼电话的！\n不能您要求什么时候回，我们就能什么时候回的，我们也有自己的工作时间！\n我明天没法处理，我明天休假！\n您还是先咨询一下在线客服吧，不行你再联系我们！\n您找我们领导也是一样的处理方式，处理不了就是处理不了的！\n我不能给您家人回这个电话，您家人也没有要求我们回复他，您还是让他自己来电吧！\n您兑换礼品只能是自己通过自助渠道兑换，现在换不了，您就换一个时间，我们真的处理不了，没有权限！\n我记录了也是没有人处理的，所以您还是自己留意一下账户吧！\n您出账单还有十几天呢，我给您关注就可能忘记，延误您需求了，您还是出账单后自己来电申请吧！\n您下次来电我们其他同事也是会处理您的需求，您不必要转给我！\n晚点再看一下吧\n你可以自己再试试\n自助渠道也可以去办理的，您可以试下 \n麻烦您后期再自行来电一下\n你自己可以看账单啊\n可能就是这样子吧，你试试\n你后天再打电话申请减免费用就可以了\n我给你发一个短信链接你看下\n我给你发一个官网网址你先了解一下，后期不懂的可以随时再来电 \n今天无法操作哦，麻烦你明天再来电一下\n你先自己查一下，后期如果有问题可以再来电告知我们\n我这边看到卡片没问题，你先咨询下第三方平台，你先咨询下其他银行试下 \n你先找下官网上的在线客服，她那边会更快速专业的给你做解答\n要不你先卸载一下动卡空间，重新安装一下，如果还有问题再致电我行\n你先自行关注一下卡片情况，如果有问题再来电反馈 \n没办法在线转介，你可以再重新来电 \n你可以找下办卡业务人员咨询下活动或者从官网上了解一下 \n你考虑好了之后再来电吧\n你这个情况有同事跟进了，你再耐心等待一下吧 \n要不你看下其他朋友能不能帮你一下，后期有问题再随时来电 \n刚跟你解释的，你可以自己再想下，不懂再来电咨询了 \n你那边信号应该不好，你要不待会到信号好点的地方再重新来电吧 \n建议您让本人来电话查询，我们没办法回拨\n这边暂时查询不到，建议您明天再来电话\n我明天不上班，建议您致电客服就可以了\n不好意思，我们现在爆线回不了电话\n你不能给我回吗？您再来电话就可以了，任何一个客服都能处理\n您不用找我，别人也能处理\n那我帮你转上一位接线同事处理\n不好意思，这个我们处理不了\n建议您自己拨打邮政电话\n建议您自己拨打供应商电话\n我现在查不到，建议您XX再来电话\n这个之前不是我处理的，我给您转介之前的同事\n我只是个客服，我没有权限\n转介领导也是一样的处理方案\n建议您找商户协商，银行这边确认没办法处理\n账单明细中都有，您先看一下，有疑问再来电\n需要今晚系统结算后明天才能处理，没办法给您关注，建议您再来电话\n我们连不了外网，查询不到\n我们是查询不到礼品的，礼品有很多，您可以自己查看\n领导回复也是一样的\n我休息啊！不上班，你自己来电话吧！\n这个我不会，而且我也放假了，你自行再打个电话过来查吧！\n现在那么晚了，你明天再来电办理吧！\n现在已经很晚了，明天我休假，你明天早上再来电吧！\n我给你转给之前同事吧！我不太清楚你们沟通过什么\n这个业务我不会，你要不通过自助渠道办理吧！\n我刚来没有多久，这个业务我不会，你要不重新打一次吧！\n你问一下供应商吧！我不知道什么情况\n我已经没有权限办理你的业务了，你要不通过自助渠道办理吧！\n要不你就自助办理，要不你就再打一遍客服。\n你自己可以找其他渠道办理一下的\n这个业务您都咨询之前同事了，你可以再问一下他啊！\n这不是我能力可以解决的问题，我实在解决不了\n银行本来就是这样规定的，我肯定不能去犯那些规定啊\n这个你完全都可以通过其他渠道办理，不用通过人工的\n我在线转不了投诉，也没法给您转介，你自己再来电投诉吧！\n我休假，没法给你关注，你明天自己来电话处理吧！\n就算你不同意，我也帮不了你啊！\n现在系统改不了，你想让我怎么处理嘛！\n现在不是正常的工作时间，没法受理您的业务，你自己白天再来电吧！\n你到时再来电\n后面有费用你再来电，应该是没有\n你是要找之前的同事是吗\n我需要问下上位同事\n帮你转接给上位同事回电是吗\n这个我看不到，你问下在线客服吧\n这个我不清楚\n没办法转接其他人\n你有需要再给我们打电话吧\n需要你重新致电\n我们就不打扰你了，到时你想好了再给我们打电话\n我记录了，你到时看看，看好了再给我们打电话\n现在办理不了\n我不知道你和上位同事沟通情况\n我帮你问问，你保持手机号码畅通\n我明天休息，你有需要再给我们打个电话吧\n晚点再试一试号码，我现在也不知道问题在哪里\n没找到你说的这个，你再看看\n没有你说的这个哦，你是不是看错了\n过几天你再来电吧\n这个需要您自己来电办理\n等你自己拿到手机再打电话处理好吧\n这信息我这里查不到也看不到，你自己去查\n这个不是我们银行的\n你自己查下看吧\n你自己操作一下呗，有问题联系我们\n我们只处理我行的信用卡这方面业务，其他不清楚\n很抱歉，这个是有时间限制的，你得按活动要求参加\n这个我们无法直接换货，你可以联系供应商看看\n这活动不是我行的，我不清楚\n是需要这样的时效，你再等等好吧，有结果再联系你\n要是需要投诉的话，可以拨打我们的客服热线\n要是需要更换客服的话，您可以重新拨打\n现在我接听您的电话，换不了其他客服\n你的卡不符合这个活动，参加不了\n微信、动卡空间都可以查，您自己看\nXX时间可以收到，你等等好吧\n已经有记录反馈你的事情了，正在处理\n活动规则在页面已经有写，你自己看下\n活动要求的就是这样\n要不这样吧，我帮您转介之前的同事协助跟进联系你吧。\n给您回电话是么？要不您自己再来电话吧\n我明天休息，处理不了。您自己再来电话和同事说一下就行了\n现在系统在清算，处理不了。明天我也回不了电话\n先生/女士，您用卡以来的还款记录，有很多笔的，我给您补发账单，您自己看一下吧\n解释了这么久，要不您再来电话问吧\n转介主管/经理，也是这样的处理方案。不行也没办法了\n就是这个情况，您自己先通过微信/动卡空间查一下吧，好吧\n我给您保险公司的电话，你先问一下吧\n我',0.5,'all','推诿',0.5),('cbcefb70-396c-4e72-ab40-bf98edfb97cb','你说什么？\n没听到\n你再说一遍\n什么？\n啊？\n嗯？\n啥？\n听不懂\n没有明白你的意思\n是这样的吗？\n不知道你在说什么\n不知道你是什么意思\n再说什么乱七八糟的\n说的什么鸟语\n你是外国来的吗\n到底再说什么\n你能不能好好说话我不懂\n简单的说好吗\n什么鬼\n什么东西\n您再说一次吧\n没听清楚，您刚刚说的是什么\n您说的是不是这个意思\n您的意思我好像有点不明白\n您能把您的问题描述详细一点吗\n我还是不很清楚您的意思\n您的意思可能描述的不够清楚\n我可以不可以这么理解\n差不多是这个意思吧\n有可能是信号不好，没有听清楚\n我这么理解您的意思对不对\n很抱歉，我是没有听明白\n不好意思你能说再大声点吗\n你的意思我真的不明白，有没有旁边的人帮你再讲一遍\n我想这应该差不多就是你的意思了吧\n我还是理解不了你的意思\n你说的太复杂了\n你说的我听不明白\n听您说话有点点累\n难道不是这个意思吗\n不好意思，没有听清\n不好意思，麻烦您再重复一遍\n不好意思，您的声音有点小\n信号不太好，没听清楚\n我不太明白您的意思\n您说的我不太懂\n您讲的有点快\n是这样的吗？\n啊…\n你能说简单点吗？\n我有点理解不过来\n不太理解\n您讲得有点深奥\n您讲的有点复杂\n你说的太多啦？\n稍等一下，我捋一下思路\n我不太明白您的意思\n不知道你说的是什么\n什么东西\n我不懂\n您说什么\n不好意思，没听清\n您是说，要查询账单么？\n不好意思，你能慢一点么，听不清楚\n打断一下，你是要查询账单么？\n你说的是什么意思？\n我不懂您的意思\n麻烦您说清楚一点\n您说这么多我都不太懂您说的是什么\n很抱歉，烦请说慢一点\n请问您说的活动是叫什么名字呢\n请问您说是什么呢？\n再说一遍\n不知道你说的是什么意思\n您说了这么多我都听不懂您的意思\n不好意思，您说的是什么\n不好意思，您刚刚说的没听清，请再说一次\n你到底想要表达什么\n你到底是要办理什么业务\n你的需求到底是什么\n什么，你再说一次，刚才没听清\n啊\n您说的是这个意思吗\n可能听的不是很清楚\n还有其他的吗\n我不是很理解\n不好意思，声音有点小\n是这样的对吗\n可能刚才信好不好，您再说一次\n先生，您那边有点嘈杂\n嗯嗯，说的是这个吗\n没听懂\n您再复述一下\n问的是这个吗\n对吗\n和您确认一下\n没有错吧\n我再确认一下，您看您是不是办理这个业务\n您问的我这样子理解对不对呢\n我不是很明白\n您刚说什么\n我忘了您的问题了\n您是要查账吗\n您第二个问题是什么\n我听不懂您的意思\n您可以解释得清楚一点吗\n你换个人和说下问题\n你说话太快我听不懂\n什么意思\n您重新说下您的需求\n可能信号原因，没有听清您需要办理的业务\n您说得太快了\n听不清\n不好意思，您那边声音有点小，听不清楚您说什么\n抱歉我听不明白\n不好意思，您旁边有人帮您说明一下吗\n您刚刚说是要办理这个业务吗\n您说的是这个吗？\n您的声音太小，请您大点声\n请问您说的是这个活动吗\n信号不太好\n您再说一遍\n我没听清楚\n什么？\n不明白您的意思\n您能不能说慢点\n你到底知不知道我再说什么\n换个人，找你们主管\n你怎么就上岗了\n你听不懂是吧\n你不懂我\n换人换人\n我怎么这么倒霉，打了半小时是你接\n惹不起惹不起\n请问您说的是这个活动吗\n你说话太快我听不懂\n您重新说下您的需求\n您说的是不是这个意思\n您说的是这个吗？\n再跟您确认一下\n我没有听懂，你能再说一次\n可能是我理解有误，没有明白你的意思\n你那边是信号不好吗\n你说话能慢点吗？听不清你说什么\n不好意思，我理解错了\n你的声音太小了，能再说一次吗\n你能解释得清楚些吗\n什么？\n啥？\n你是这个意思吗？\n你的方言我听不懂\n不懂\n你直接告诉我你要办理什么业务吧\n我怎么越听越糊涂啊\n你到底是什么意思\n你能说的明白点吗\n啊？你说什么\n你可以不要表达那么多，告诉我要我怎么处理吧\n你是要办理这个业务吗？\n我再跟你确认下，你是这个意思是吗\n我不是这个意思？\n你有没听我说话？\n我不想再说一遍了！\n不好意思刚没听清楚，请您重复一下\n您刚才说的是。。\n你新来的吧？\n你懂不懂我在说什么？\n你不知道这个业务吗？\n你没有听错，是这个意思\n我再给你说一遍\n你说的是人话吗？\n你还不明白吗？\n你能不能理解\n还要我再说一遍吗？\n你能不能听懂人话\n你耳朵聋了吗?\n你耳朵赛驴毛了吗？\n我他妈有没有听我说话？\n你是干什么吃的？\n麻烦你听清楚好不好\n没有明白您的意思\n麻烦您说的更清楚\n请您说重点\n您是这个意思吗？\n您是需要我为您做什么？\n您说的不太清楚\n麻烦您重复一遍\n不是很理解\n可能不是很清楚您的需求\n您的需求是什么呢\n信号不太好\n什么东西？\n啊？\n我不太懂\n是这样吗\n我再和您确认一遍\n您的需求是XXX\n我理解的您是这样？\n这样可以吗\n你觉得是这样吗\n哦，我没有听明白您说的\n对不起，我不知道你在说什么\n你说的我不理解\n啊？什么东西\n可以不要说方言吗\n说的太多了，能慢点吗\n可以大点声吗\n好的，刚才没听清楚\n您可以重新说您的问题吗\n麻烦说一下主要问题\n抱歉，还是没有听懂\n您说的太复杂了\n能简单点说您的问题吗\n您这边信号不好\n能把问题再重复一下吗\n您说的问题我不知道\n您说的我再确认一下\n您的问题是我理解的这样吗\n您说的太快了\n我不了解您说的\n没有听懂您的意思，再说一遍\n什么问题\n你可以再重复一遍吗\n你说的太快了，再说一次\n听不清楚，在重复一次\n信号不好，没有听清楚\n声音太小了，可以再大点声吗\n刚才没听清楚，再说一下\n您可以重新说一下您的问题吗\n你能告诉我你主要办理什么业务吗\n您直接告知我的需求就好了\n我没有听明白\n您是要办理这个业务吗\n我不能理解你说的\n我再次帮您再核实一次您需要办理的业务\n您的问题是我说的这样吗\n我再确认一下是这个吗\n您说的是不是这个\n你说的太多了，是这个意思吗\n可以说的在简单点吗\n我没有明白你的意思\n你说的是啥啥啥吗\n你说的是我们银行的活动吗\n你再说一遍你想问什么\n我不知道你想说什么\n你想说的重点是什么，我没听懂\n你说的是什么什么吗\n你说的是这个意思吗\n你说啥\n嗯？\n你说这么多，你就直接告诉我你想办什么业务\n我听的不是很清楚\n我再跟你确认一下你想问的问题\n我说的就是你问的问题啊\n麻烦你再说一次\n我不知道我理解的对不对\n你所说的意思好像不是这个问题\n啊，你说的是啥呀\n哦，我可能不是十分明白和理解你说的\n喔，我不确定我说的对不对\n你说什么\n你问这个啊\n原来你是这个意思 \n你到底想问什么呢\n你是什么意思 \n为什么这么说\n我不是不相信你\n您再说一次吧\n没听清楚，您刚刚说的是什么\n您说的是不是这个意思\n您的意思我好像有点不明白\n您能把您的问题描述详细一点吗\n我还是不很清楚您的意思\n您的意思可能描述的不够清楚\n我可以不可以这么理解\n差不多是这个意思吧\n有可能是信号不好，没有听清楚\n我这么理解您的意思对不对\n很抱歉，我是没有听明白\n不好意思你能说再大声点吗\n你的意思我真的不明白，有没有旁边的人帮你再讲一遍\n我想这应该差不多就是你的意思了吧\n我还是理解不了你的意思\n你说的太复杂了\n你说的我听不明白\n听您说话有点点累\n难道不是这个意思吗\n您的需求是什么呢\n现在需要我怎么帮您处理\n哪我不知道他怎么跟您说的\n您是指什么呢\n您刚刚说的是还款的吧\n那个地方不对呢\n不好意思，您说要改什么呀\n不好意思，您刚刚说什么限额的？\n这边有关于什么问题的？\n您好，您要办理什么业务？\n抱歉，刚刚信号卡住了一下，您说信用卡怎么了？\n就是额度没有了是吗？\n嗯嗯，您说\n啊\n叫什么？\n你说的是？\n您是要把这两个卡都注销吗\n您是不是还错了\n不好意思，刚刚没有听清\n您可以再重复一下吗\n你刚说的什么？\n什么东西？\n每一笔都要屏蔽吗？还是怎么回事呀？\n我还没听明白你的意思\n你是说。。。\n你的意思是。。。。\n我没问你。。。\n你信号不好，麻烦移动下位置\n你那边声音比较嘈杂，我听不清\n麻烦你到一个安静点的地方\n啊？你说什么\n先生，麻烦你再说一遍\n你刚刚说的比较快，我没有记住\n慢一点\n你能换一个方式说嘛，我不太理解\n你能讲普通话吗，方言我听不懂\n这有这么难懂吗\n我再确认一遍，是不是这样\n你能4位数4位数的报吗\n是你理解有问题，还是我没有说明白\n不好意思，没有听清\n不好意思，麻烦您再重复一遍\n不好意思，您的声音有点小\n信号不太好，没听清楚\n我不太明白您的意思\n您说的我不太懂\n您讲的有点快\n是这样的吗？\n啊…\n你能说简单点吗？\n我有点理解不过来\n不太理解\n您讲得有点深奥\n您讲的有点复杂\n你说的太多啦？\n稍等一下，我捋一下思路\n我不太明白您的意思\n不知道你说的是什么\n什么东西\n我不懂\n啊？\n嗯？\n您说什么？\n什么？\n没有听清楚\n了解什么，听得不太清楚\n操作什么，您再说一遍\n什么意思啊\n您说贷款怎么啦\n都有什么业务，什么意思啊\n什么什么\n信号不好，听不清楚\n您是查询账单吗\n您目前的需求是？\n不好意思，刚刚未听清，您重复一下\n没有理解您说什么\n我不明白您的意思\n还是不懂\n您需要我做什么\n您的方言我不懂，能用普通话重复一下吗\n啊?\n什么？\n听不懂\n您再重复一下可以吗？\n可能信号原因，没有听清您需要办理的业务\n您能说普通话吗\n您说得太快了\n请您说得慢一点\n不好意思，您那边太吵了，听不清楚您说什么\n您说的是这个吗？\n您能说一下可以吗\n我再重复一下，您看您是不是办理这个业务\n我不是很清楚\n我再和您重复一下\n抱歉，还是听不明白\n我可以再问下是这个问题吗\n对不起，您的意思我还是听不明白\n您可以让家人帮您表述下嘛\n您会讲中文吗\n可以让分行同事帮您表述下\n什么？\n不好意思，我没听明白您的意思\n不好意思，没有听太清楚，麻烦您再重复一遍\n嗯？\n你能用普通话再说一遍吗？\n您那边信号不太好，麻烦您调动下位置\n您的意思是…\n不好意思，我没太理解您的意思\n你说什么？\n啊，啥意思？\n你想表达的是什么？\n您重复一下\n你刚才是想查询什么，本期账单吗？\n您慢一点，我没听明白\n听不懂\n请您表达清楚一些\n你能麻烦旁边的朋友或是家人代转述一下吗？\n你到底想咨询的是什么呀？\n您的需求是？\n你到底想办理什么业务？\n什么？\n不好意思，不明白您的意思\n我还是不理解您说的意思\n麻烦您重复需求\n请您再说一遍\n非常抱歉，请您讲一下普通话\n不好意思，可能信号不好，请您再重复一下\n您刚刚是说要查询额度还是欠款呢？\n你说什么\n是我理解的这个意思吗？\n我再给你重复一下需求看对不对\n我没有听明白\n请问我理解的对吗？\n刚刚没有听清\n刚刚信号不好，请再重复一遍\n不知道我理解对的对不对\n不好意思，我听不懂\n我不明白什么意思\n你再说一次，我这次一定认真听\n我再确认一遍\n啊？\n什么？\n没听明白\n没有听清楚\n你说的是什么意思？\n不好意思，您能否重复一下\n不好意思，没有很清楚你要办理什么业务\n请问先生您说的是XXX意思吗？\n不好意思，刚才没有听得很清楚，您能否再重复一下问题？\n刚才信号不是很好先生\n先生您能否再重复一下？\n你刚才是咨询XX问题吗？\n你再说一下\n您能否说清楚点你需要办什么业务呢？\n我没明白你说的是什么\n抱歉，没听清您的需求\n您的需求是？\n您刚才问的问题比较多，您再重复一下\n您刚才要查询的是这个吗？\n你说的太快了，我这边记不住\n啊?您再说一次，好吗\n什么？再说一声\n我听得不是很清楚\n您再重复一下可以吗？\n可能信号原因，没有听清您需要办理的业务\n听不清\n您说得太快了\n请您说得慢一点\n不好意思，您那边声音有点小，听不清楚您说什么\n请问，您说的是这个吗？\n您能说一下可以吗，不好意思\n我再重复一下，您看您是不是办理这个业务\n我不是很明白您的意思\n我需要再帮您再核实一次您需要办理的业务\n不好意思，没听懂\n我可以再确认一下吗，您的意思是\n您说的是这个意思吧\n对不起，我实在听不明白，麻烦可以换个说法\n再说一下您办理的业务可以吗\n 啊？？？\n那您希望我怎么处理？\n我不明白您的意思！\n我理解不了！\n您说的是什么问题啊？\n我真是听不懂您的需求！\n您到底让我们帮您什么呢？\n您说了这么多，重点是什么？\n什么，您说的是什么？\n您再重复一次好吗？\n您是说您本期账单的吗？\n你需要我做什么呢？\n您报的太快了，您能一个字一个字的报给我吗？\n您说的速度真的太快了，我们是要手动输进去的！\n那您需要我帮您做什么呢，您正面告诉我一下行吗？\n您说的不是要取消这笔分期吗？\n不好意思，我刚刚确实走神了，没听清楚您的需求！\n对不起，我以为您是要把这笔分期提前缴款的，我现在已经给您操作了！\n非常抱歉了，您的方言我真的听不懂，您再试着讲讲普通话吧！\n不好意思，您上次说这个问题我可能没听到，我只给您核实了9分享兑这个活动，9元观影的还得再核实一下！\n您是说您的积分怎么了呢？\n你能不能用普通话说一下，我听不懂你再说什么\n你说什么？\n你能简答点说吗，你那样说我听不懂 \n可能信号不好，你再说一遍吧 \n麻烦你不要用方言好吗，我听不懂\n麻烦你直接告诉我，需要我怎么帮你就可以了 \n你再说下你的需求，刚刚你说的太快了，谢谢 \n你说的还是不明白，你慢一点表达好吗 \n你刚刚说的是这个意思吗？ \n你太着急了，麻烦你想清楚了，再说一次你需要我怎么帮你 \n你说的太复杂了，你到底遇到什么问题了 \n哎，怎么我问的，你就不懂呢 \n我已经说了好几次了，你怎么就不明白呢\n你说的，应该是这个意思吧？\n你刚刚说的，我这么理解没错吧？ \n你说的实在听不懂，你身边有亲人朋友没，让他们帮你一下 \n我还是不太明白，你能简单点不\n别着急，你把你遇到的问题直接告诉我\n麻烦你不要讲太多好吗，你困扰的地方是什么呢？\n没听清楚，你那边可能太吵了，您刚刚说的是什么，慢点再说一次 \n非常抱歉，麻烦您再重复一下\n没有明白您的意思\n您想让我怎么处理呢\n您说下您的需求\n刚刚没有听清楚\n您能再说一遍么\n你想表达的是什么呢\n我听不明白您说的\n我没理解您的意思\n什么？\n什么意思？\n嗯？\n您说的是这个意思么？\n没听懂您什么意思\n您能用普通话再说一遍吗\n刚刚信号不太好，您再说一遍\n您是放了外音吗？麻烦您关一下，再重说听下\n不好意思，刚刚没有理解您的意思\n您刚刚说的是这个意思吗？\n我再跟您确认一下\n我没有懂你的意思，麻烦再说一下\n什么什么？我没有听懂，请再说一下\n我不太清楚你的问题，麻烦再重复一下\n你那边信号不好，我没有听清\n你可以移动一次位置吗？我没有听到你的问题\n什么，我没有听到\n在重复一遍\n听不清，请你在说一遍\n你问的是这个吗？\n是这个意思吗？还是这样呀？\n我没有懂\n你可以不要说方言吗？我真的不知道什么意思\n你能说一下普通话吗?\n啊！你什么意思？\n我真的不知道你说了什么？\n你那遍真的信号不好，根本听不清？\n什么？我都没有听到你的声音？\n你具体需要办理哪方面的业务呀？\n你可以形容一下，是什么方面的业务呢？\n你是在哪里看到这个业务的呢？或者你可以说一下那上面写了什么业务吗？\n什么，你再说一次，刚才没听清\n啊\n您说的是这个意思吗\n可能听的不是很清楚\n还有其他的吗\n我不是很理解\n不好意思，声音有点小\n是这样的对吗\n可能刚才信好不好，您再说一次\n先生，您那边有点嘈杂\n嗯嗯，说的是这个吗\n没听懂\n您再复述一下\n问的是这个吗\n对吗\n和您确认一下\n没有错吧\n我再确认一下，您看您是不是办理这个业务\n您问的我这样子理解对不对呢\n我不是很明白\n啊？\n嗯？\n您说什么？\n什么？\n没有听清楚\n你先听我说好吧\n您到底是要办理什么\n你到底明白我意思没\n你说错了\n你说的对不上吧（质疑客户）\n哦，我看错了\n刚刚没注意\n你再说一次\n没明白你什么意思\n再重复一次\n再哪看到的活动，我没查到\n你就直接说是活动是什么名字就行了，我查\n我正在查好吧\n请问到底是什么业务需要确认的？\n麻烦完整告诉一下我活动名字，我好查询好吧\n您能再说一遍么？\n刚才信号不好，没有听清楚，麻烦您再说一下您的需求\n那您需要我帮您做什么呢？\n我不懂你的意思，你再说下吧~\n您能慢点么?\n不好意思，我没太明白\n不好意思，我没太理解您的意思\n不好意思，我没太清楚\n您刚才是要办理什么业务呢\n您刚才是说要办理XX业务么\n那您究竟要我做什么\n什么？\n再说一遍\n嗯？\n您能方便讲普通话么？我听不太懂您的方言\n麻烦您再说一下\n您要我怎么做\n您说的太快了，麻烦您慢一点再报读一下，我要录入的啊\n我还是没太理解\n那你现在要我怎么处理呢\n你说啥？\n能再重复下你刚才的问题吗？\n不知道你想表达什么意思？\n我听不懂你的方言\n能再说一遍吗？\n啊，你刚才是说什么？\n什么？没听清楚\n再说一次，你遇到什么问题了？\n没太听懂，能再描述下么？\n我不是很理解你的意思\n再跟你确认一次吧\n你是说？\n信号不太好，你再说一次吧\n声音太吵了，听不清楚\n你看你刚才说的是不是这个？\n你再慢点儿重复下吧\n你说的太快了，我听不清楚\n要不你让其他人代你说下？\n你直接告诉我，你想要办理什么吧\n啊，没听懂，再说一次吧\n没有听清楚麻烦您重新说一下\n不好意思听不太清，您方便把声音调大一点吗\n您说慢一点听不太清楚\n没有太听清您的意思，可以稍微再讲慢一点吗\n可以再说一次吗没有太听清\n我没听清您说什么呢\n很抱歉，您再重复一下\n没有太理解您的意思\n我这样理解对吗\n信号比较弱您可以移动下位置重复一下吗\n您可以讲普通话吗听不懂您说什么\n您想表达的是什么\n您具体是要办理什么业务\n不好意思没明白您的意思\n啊？什么？您再说一下\n是这个意思吗？\n我大概明白了\n您讲的太快没太清楚您的问题\n您问的不是这个吗\n那麻烦您直接告诉我您的需求是什么\n非常抱歉，刚没有听到\n您刚说什么\n再重复下您的问题\n您刚说是要查询**是吗\n没有听懂您的意思\n我哪里没说明白，您说\n不就是我刚给你解释的吗\n和您说的不是一个意思吗\n哪里不对您再说一遍\n我没办法给你解释了\n我说不明白给你反馈吧\n实在不懂您在说什么\n不好意思刚刚没有留意到你说什么\n刚刚没有记下来你说的\n你再说一遍我现在给您记录\n等一下，我刚没听到\n你要查的不是这个吗\n啊，我明白了\n您是这个意思吗\n不好意思没有理解您说的，麻烦再说下\n你说什么？\n我不清楚你说的\n你能再说一次吗？\n你的意思是什么？\n你说的是这个吗？\n我不懂你再说什么\n你再说一遍\n你边上有人吗？让她帮忙说一下\n您直接把你的需求告诉我就可以了\n啊？你说的有点快\n你再重复说一次吗？\n你能换个方式说吗？\n我跟你再确认一遍\n你说的是这个吗？\n啊？\n你是新来的吗？\n你能说得更清楚些吗？\n原来是这个意思啊\n你能说得再慢一点吗？刚刚没听明白\n不好意思，刚刚忘记你的问题了\n啊\n什么\n什么意思\n你的意思是\n不懂你说的什么意思\n听不清楚\n没太听清\n你再重复一遍\n你要办理什么业务\n你刚才说的是什么\n你能讲普通话吗\n请你用普通话交流好吗\n你能再说一遍吗\n我没太理解\n不懂你的意思\n不好意思，你再重复下\n重复下好吗\n你要投诉什么\n不知道你要干什么\n你能说的慢一点吗\n你说什么\n啊，听不清\n你什么意思\n麻烦你再说一遍\n没太明白你的意思\n你想怎样\n你是这个意思吗？\n你要我怎么帮到你？\n你想我们怎么做？\n你要想什么赔偿？\n你直接说，想要多少补偿吧？\n你要搞什么\n你想弄哪样\n你是要这样吗\n听不清楚，你再说一变\n不明白你的意思\n你要什么解决方案\n你想怎样\n你要什么 \n你直接点吧，别拐弯抹角\n没有听懂您的意思，再说一遍\n什么问题\n你可以再重复一遍吗\n你说的太快了，再说一次\n听不清楚，在重复一次\n信号不好，没有听清楚\n声音太小了，可以再大点声吗\n刚才没听清楚，再说一下\n您可以重新说一下您的问题吗\n你能告诉我你主要办理什么业务吗\n您直接告知我的需求就好了\n我没有听明白\n您是要办理这个业务吗\n我不能理解你说的\n我再次帮您再核实一次您需要办理的业务\n您的问题是我说的这样吗\n我再确认一下是这个吗\n您说的是不是这个\n你说的太多了，是这个意思吗\n可以说的在简单点吗\n啊？\n什么？\n不好意思，没听到\n不好意思，没听懂\n不好意思，不明白您的意思\n我还是不理解您说的意思\n麻烦您重复需求\n您再说一遍\n非常抱歉，请您讲一下普通话\n不好意思，可能信号不好，请您再重复一下\n你说什么\n是我理解的这个意思吗？\n我再给你重复一下需求看对不对\n我没有听明白\n请问我理解的对吗？\n不知道我理解对的对不对\n不好意思，我听不懂\n你是说……，是么？\n啊，什么？\n听不明白你的意思。\n你能表达清楚一些么？\n你说的是什么？\n不理解你说的，你再重复一下。\n你说得太快了，我不明白你的意思。\n不好意思，你再重复一下问题，我忘记了。\n信号太差了，你能重复一下么。\n你能说得简单一些么。\n你说的复杂了，是不是这个意思。\n啥？\n你的意思是不是？\n你能说慢一点么。\n你怎么都听不明白我说的呢。\n你是新来的吧，理解能力这么差。\n请再重复一下你的需求。\n你是想要这样么？\n你声音可以再大一些么\n刚没听明白你的需求，请再重复一遍。\n你能换个方式描述么，不太明白你的意思。\n什么这个还到几月份\n你听的懂听不懂啊\n没有明白你的意思\n麻烦您再重复一下\n你刚才是要办理什么业务\n您重复一下\n你刚才是要查询什么内容\n什么\n嗯？\n怎么了\n啥\n我没太理解您的意思\n麻烦您说一下普通话\n您是说。。。。\n您说什么呢\n您到底是什么意思呢\n不好意思，刚没注意\n抱歉，没留意\n麻烦说慢一点\n再说一遍\n什么？\n打断一下\n请听我说\n您到底是办理什么\n抱歉我还是不明白\n请您说清楚一点\n我不懂您的意思\n您是说什么？\n我说的就是你问的啊\n嗯？\n您的重点是什么呢\n您就直接告知我是什么业务\n您说的好像不是这个问题\n什么意思\n可以大声点吗\n你说什么\n你问这个啊\n原来你是这个意思 \n你到底想问什么呢\n你是什么意思 \n为什么这么说\n我不是不相信你\n你重新说一下需求\n我说的就是这个意思\n一样的啊，就是这样的\n怎么就听不明白呢\n听不懂你的问题\n可以用普通话重新说一下吗\n你慢点说\n你的方言我听不懂\n请你表达清楚些\n旁边有家人可以说一下问题吗\n不好意思，可以重新说一下问题吗\n信号不好，我没有听清\n请你再说一遍好吗\n啊！重复一遍\n你说什么呀！我没有明白\n您刚才说什么\n你讲什么内容，没有听清\n没有听清，你再重复一遍\n嗯嗯！留白 你刚才说什么呀！\n没有明白你说的什么内容\n你方言听不懂\n没有明白你的意思\n你讲什么内容，没有明白\n你说的是什么意思\n你想表达什么\n没有明白，能简单描述吗？\n能不能慢点说\n慢点说，好吗\n你讲这么快我都没有听到\n你能不能说普通话，根本听不懂\n说什么鸟语\n鸟人说什么呢\n能不能用正常语速说话\n您是要办理**业务是吗？重复N遍\n啊，没听清，您重复一下\n您说的什么我没明白\n你能说普通话吗，听不懂\n您能说慢一点吗，我没明白\n你刚刚不是问的这个问题吗？\n好的，我了解了\n我不是这个意思，你在说什么啊\n你的别人家乡话 我听不懂\n你是要办理什么业务呢？\n你能再说清楚一点吗，你说的信息太少我不明白\n哦原来您是这个意思啊\n你信号不好，方便挪动位置吗？\n您声音太小了，我听不清\n没懂你说的什么意思，可以重复一下吗\n你说话的语速太快，我不理解\n你看你说的是不是这个意思\n您直接告诉我你要办理的业务\n你的问题是什么\n你说的再清楚一些可以吗',0.5,'all','把握需求',0.5);
/*!40000 ALTER TABLE `smart_text_analyzer` ENABLE KEYS */;
UNLOCK TABLES;

--
-- Table structure for table `statistic`
--

DROP TABLE IF EXISTS `statistic`;
/*!40101 SET @saved_cs_client     = @@character_set_client */;
/*!40101 SET character_set_client = utf8 */;
CREATE TABLE `statistic` (
  `id` varchar(128) NOT NULL,
  `word` varchar(255) NOT NULL,
  `word_date` date NOT NULL,
  `word_frequency` int(20) DEFAULT '0',
  PRIMARY KEY (`id`),
  KEY `word_date` (`word_date`),
  KEY `word` (`word`)
) ENGINE=InnoDB DEFAULT CHARSET=utf8;
/*!40101 SET character_set_client = @saved_cs_client */;

--
-- Dumping data for table `statistic`
--

LOCK TABLES `statistic` WRITE;
/*!40000 ALTER TABLE `statistic` DISABLE KEYS */;
/*!40000 ALTER TABLE `statistic` ENABLE KEYS */;
UNLOCK TABLES;

--
-- Table structure for table `topic`
--

DROP TABLE IF EXISTS `topic`;
/*!40101 SET @saved_cs_client     = @@character_set_client */;
/*!40101 SET character_set_client = utf8 */;
CREATE TABLE `topic` (
  `id` varchar(128) NOT NULL,
  `matched_sentences` text,
  `prob` float NOT NULL DEFAULT '0.7',
  `target` varchar(200) DEFAULT 'all',
  `name` varchar(45) DEFAULT NULL,
  `matched_prob` float NOT NULL DEFAULT '0.95',
  PRIMARY KEY (`id`)
) ENGINE=InnoDB DEFAULT CHARSET=utf8;
/*!40101 SET character_set_client = @saved_cs_client */;

--
-- Dumping data for table `topic`
--

LOCK TABLES `topic` WRITE;
/*!40000 ALTER TABLE `topic` DISABLE KEYS */;
INSERT INTO `topic` VALUES ('0580f24b-f9de-4526-a7bd-9f35b274bb40','给我看看我的卡怎么了\n这边查询到您的卡片已经停止支付了\n我的卡冻结了是吗\n您的卡片已经注销了\n你们把我的卡停了吗\n您的卡片因为密码输入错误已经止付了\n我的卡为什么用不了了\n您的卡片状态是正常的\n给我查一下我的卡什么状态\n您的卡片已经不能使用了，建议您还清欠款后注销\n我刚刚收到短信说我的卡锁了\n因为卡片涉及风险所以做了安全处理\n查一下我名下的XXXX卡片有没有注销\n您的卡片目前仅支持还款\n我的卡还能用吗\n您的卡片并没有注销\n我在境外怎么突然就不能用了\n您的卡片已经开通了，是可以正常使用的\n看一下我的卡有没有开通\n您的卡片并没有激活',0.5,'all','标志代码',0.5),('074cca44-6741-44e3-a97a-d0091380baf1','帮我把卡片额度限制下吧\n你需要把卡片额度调整到多少呢？\n我名下的附属卡能否限制下刷卡\n附属卡限额最低可调到100元\n我给儿子办理的卡片能不能不要这么高的额度\n你要降低额度么？\n附属卡的额度必须这么高吗？\n卡片额度可以在当前额度范围内灵活降低和提高\n我这张卡不需要这么高的额度\n请问您觉得卡片额度调整到多少合适呢？\n要这么高的额度有什么意义\n可以帮您设置下卡片限额\n我的卡额度太高，风险太大了？\n你可以根据用卡习惯和实际需求调整下卡片额度\n我不要这么高的额度，给我调低',0.5,'all','设置卡片限额',0.5),('093b31f7-eba2-43e8-a04c-81767ca2ee0a','我要预约体检\n帮您预约周二 北京市积水潭医院看骨科的号码，请问是要找**医生?\n你们体检现在可以预约么？ \n已经帮您预约好了这位医生，后期有什么变动记得联系我们\n之前办理你们的自助餐服务，怎么预约\n已经帮您预约好了**医院，您在当天带你的家人去就可以了\n我们当地有哪个医院可以预约体检？\n您可以直接在我们的动卡空间服务——健康银行——“健康年费专区”中进行预约使用\n帮我约下打球\n您要预约挂号与全程陪护服务需要提前2个工作日致电我行\n帮我约下高尔夫\n就帮您预约这个医院了，可以吗\n帮我看下现在可以约哪个球场\n和您确认下挂号的您的/您家人的信息\nXX球场明天可以约么\n我要预约周二去思妍丽做背部\n我要预约周三去ispa做脸部按摩\n我明天要去做护肤的，帮我预约下，看哪个时间合适\n帮我看下我还有多少个美容权益，我现在要用\n我要帮我家里人挂个号，去**医院\n你们预约挂号的供应商是哪个呀，我现在要用，是找你们吗\n你们的洁牙服务，我现在要给家里人用，怎么操作\n帮我预约北京大学肿瘤医院，需要过去一趟',0.5,'all','产品预约',0.5),('0ee976b6-95ef-41f0-a0b5-34c23a077a85','帮我看下我还能刷多少钱\n您还有XX\n我还有多少额度\n还有这么多钱可以消费\n你看看我的卡能用多少\n您可用额度是XX\n怎么刷不出来了呢，没钱了吗\n您的额度是XX \n不是能刷3000,吗\n你的取现额度是XX\n我能消费多少\n目前已经没有可用额度了\n我能刷多少\n您的卡片已超额\n我有多少信用额度\n您的额度只剩XX\n我有多少可用额度\n您总共XX额度\n我有多少取现额度\n您的总额度XX\n帮我看下我还有多少钱能刷\n当前可用额度XX \n我的额度怎么少了\n您还可以刷XX\n你们这额度不对啊\n目前可用额度是\n我是不是还有1万能刷\n我是不是降额了\n怎么少了5000\n信用卡还有多少钱\n我能用多少\n没钱了吗\n我不是1万的卡吗\n我的钱怎么不见了\n我的额度怎么不见了\n我的钱怎么少了\n之前还显示5000，怎么现在就没了\n你看看我是不是还能消费XX钱\n为什么显示是负数\n你看看我是不是还能消费XX元\n是不是还有这么多?\n我的额度已经没了\n我怎么刷不出这么多额度了\n我怎么刷不出来\n明明我还有这么多钱\n你们是不是吞了我的钱\n私自扣我的钱\n我的钱怎么没了\n我还可以用多少\n我还有多少钱',0.5,'all','额度查询',0.5),('16933403-a90d-4fe5-8ca1-2ef0efc0e19f','你看我密码设了没有\n换卡需重置密码\n我卡开了，密码怎么设啊\n建议转语音自助设置密码\n一直都设不了密码\n您按语音提示操作即可\n我密码忘记了怎么办\n我行有两个密码，一个电话服务密码，一个交易密码\n我可以改密码吗\n两个密码都是6位数的\n我的密码怎么设置\n没有原始密码，需要您自行设置的\n我的原始密码是多少\n默认消费模式是签名的\n我的卡消费需要密码吗\n若需要密码交易需要您自己设置\n为什么我不输入密码也能消费成功\n没有原始密码，您输入任意6位数都可以交易成功\n什么是电话服务密码\n服务密码是方便您进入人工服务验证信息的\n卡开了，需要设置密码吗\n我协助您设置一下密码，方便您消费\n语音提示我设置密码，你们有几个密码\n设置密码比较安全些\n动卡空间可以设置密码吗\n根据您个人消费习惯，建议可以设置密码\n为什么一直提示我验证码不对，密码怎么设的\n卡号变了密码需要重置\n我不用密码可以消费吗\n可以，信用卡消费模式凭签名\n不设密码对我有影响吗\n您可以根据个人消费习惯设置\n我不设密码可以消费吗\n多张卡电话服务密码一样\n你们银行的密码怎么设置\n多张卡交易密码需分别设置，可以设置一样的\n柜台可以设置密码吗\n柜台无法设置密码，您可以选择语言、动卡空间、网银、客服等设置\n附属卡的密码怎么设置\n主卡可以协助附属卡设置密码，但需要您把设好的密码告知附属卡持卡人\n我可以帮附属卡设置密码吗\n电话服务密码和交易密码不同，但方便记忆你可以设置一样的\n我两张卡密码是一样的吗\n设置交易密码方便您在ATM机查询\n电话服务密码和交易密码是一样的吗\n若密码泄露建议您重置会更好\n不要电话服务密码只要交易密码\n需先设置电话服务密码再设置交易密码的，这也是为了您的账户信安全\n你不用担心，激活信用卡设置完密码就可以正常使用了',0.5,'all','设置密码',0.5),('1838342d-cf9e-40ee-9833-9db0b83e5200','我刚消费挺好，怎么突然卡片受限\n你确认境外消费这几笔都是您自己消费的是吗\n我现在在境外，为什么卡片不能使用\n刚刚那几笔金额是您自己消费的吗\n刚刚你们有同事致电我核对交易，现在怎么卡就不能使用了呢\n你确认这几笔境外网上消费，是您刚刚自己登陆的吗\n我的卡好好的，怎么就不能消费了\n卡片一直在您自己手上吗\n我在境外网站付钱，为什么说失效\n卡片现在在手吗？核对交易记录这边申请解除\n卡片我已经找到了，我要解除挂失\n抱歉 这边解除需要您系统手机号码来电即可解除\n我卡片没有丢失，你们同事为什么给我挂失了\n卡片已经拿到手，这边帮您将解除需求记录反馈，会有工作人员联系\n卡之前在我朋友那里，现在卡已经在手，我要用卡\n卡片在手吗？这边需要验证卡片信息\n卡已经拿回来了，帮我解除止付\n您现在人在境外是吗？刚刚那几笔都是您自己的消费\n之前是我老婆致电，现在卡已经在我自己手上，帮我解除\n您确认卡片现在是安全的是吗？\n卡之前注销了，我现在想用你们的卡\n卡注销是不能再用，建议您重新申请\n你们凭什么注销我的卡，我刚申请通过，还没收到卡呢\n你刚刚消费境外商户有一定风险，跟您确认是否为本人操作\n你们凭什么在没有我的允许下，暂停使用我的卡，我刚刚买东西还可以消费，现在就用不了\n我在境外着急用卡，立刻开通我的卡片\n您卡逾期了，还完最低之后第二天才可解除\n之前不是报备过了吗？为什么还出现类似情况\n您卡已经多次逾期，还完全额之后三天才可以解除\n刚刚就是我消费的，你们同事还致电确认了，我都说了，怎么还是暂停使用了，马上帮我解除\n您现在还够最低还款额后三天方可解除止付\n我的卡到期一直未收到，现在我要用卡，给我安排邮寄\n您这个已经信息泄露，无法申请开通\n我老卡可以用，续期的卡到现在都没有收到，为什么我的积分用不了，马上帮我解除，我要兑换礼品\n您之前去境外需提前报备，现在核实后为您申请解除\n我的卡不就是逾期了，你给我恢复使用，我再还款\n后台监控发现您有笔境外消费，有风险因此做的处理\n我再境外订酒店，为什么付不了款。\n您确认刚刚那几笔是您消费的吗？\n我在网上订购机票为什么不能消费\n附属卡现在您收到手上吗啊？刚刚的消费是他本人消费的是吗\n我的附属卡在境外消费，为什么突然用不了了\n确定刚刚那几笔是您的附属卡持卡人在境外消费的是吗？我这边帮您申请解除\n我都跟你们说过很多次，我长期在境外工作，为什么还把我的卡做处理\n该卡因卡组织通报卡，目前无法申请解除\n我卡就是给家人用了，现在我已经拿到手自己用，你们之前同事告知我做止付，现在帮我解除\n因卡涉及风险才将卡片做安全处理，若您确认卡片安全，这边为您申请解除',0.5,'all','解除标志',0.5),('1ce20a34-9764-4363-a70b-82bd7ac17975','我想修改成电子账单方式\n\n您目前是通过纸质账单接收\n我的账单现在是什么方式\n您目前账单接收方式是电邮\n我想改成电子账单\n我们是发送电子账单给您的\n我想要纸质账单\n账单都是免费发送的\n我想要彩信账单\n电子邮箱账单发送时间为账单日往后推两天发送\n你们能改成手机账单么\n纸质账单是账单日后两天给袅您发送\n我想把我的账单发到QQ邮箱里面\n所有的账单方式都是免费发送的\n你们的账单是发到我的邮箱里么\n您的电子账单是正常接收的\n我怎么一直没有收到你们的账单明细啊\n我已经把您的账单方式修改成了电子账单\n你们银行怎么给我发送账单明细的\n纸质账单是用挂号信方式邮寄\n我收到个短信说纸质账单退邮要更改，什么意思\n\nQQ邮箱\n彩信账单会收我的费用吗\n163邮箱\n现在我的账单是什么方式接收\n\nhotmail邮箱\n帮我把账单改成电子账单，环保一些\n建议您改为电子账单接收\n我没有电子邮箱，能帮我改成纸质账单么\n纸质账单是按照平邮邮寄，建议您改为电子账单\nQQ.com\n163.com\nhotmail.com',0.5,'all','查询修改账单方式',0.5),('1d8ccc68-c3a2-49b7-ba05-3f26fdbe472e','你们卡片额度太低了，帮我注销注销\n我现在帮您注销卡片，您的卡在手？\n我卡片用了好久了，还没有调额，我要销卡。\n你看我卡片销了没\n您的卡片已注销\n卡片活动太少了，帮我销卡\n卡片注销太可惜了，我行现在有5折积分兑换礼品的服务\n我这张尾号XXXX的卡结清了没，我要销掉\n您的卡片已结清，您是因为什么原因要注销掉呢？\n好吧，我在考虑保留一下\n你帮我把名下的卡都取消了\n不好意思，冒昧的问下您是因为什么原因决定都取消了呢？\n我申请的卡太多了，我要取消几张卡\n请问您是什么原因不想使用了呢\n我卡片磁条刮花了，帮我换个卡\n这卡我不想用了\n信用卡怎么退给你们？\n不要了 给我销掉吧\n您的卡片用的也蛮久的，销掉也挺可惜的\n我好多张卡，帮我销了这张XX卡\n注销后原卡积分和权益都不能使用\n我名下卡太多了，不方便管理，留一张就行了\n我要销卡\n可以给您申请终身免年费，您看需要考虑保留一下吗\n我卡片不想要了，你处理一下\n您是想注销卡片么？\n你把我的卡销了吧！我用不到了\n这张卡我不要了，你帮我处理了吧\n请问您不想用的原因是什么呢？\n卡片还清了吗？你帮我销了吧\n您的卡片已还清，请问您是什么原因不想再用这张卡片呢？\n你们银行的卡太难用了，我不要了\n已经帮您注销卡片了\n我卡太多了，这个卡用不到了\n建议保留当做备用卡的\n卡费用太高不想用了\n您把卡剪断销毁就可以\n我之前不是已经注销了吗\n请问是什么原因不想用了呢\n这个卡我用不上了取消吧\n可以赠送给您终身免年费，要不要保留下\n帮我把卡注销\n那确实很遗憾了，我现在帮您做销卡处理\n你们银行卡片活动不多，我要销卡\n建议您可以考虑一下我行的9分活动，9元看电影，精彩365等等，其实还是蛮多的，建议您保留一下\n我要销卡，因为我换了另外一座城市\n您不用担心，信用卡使用不区分地区，您到另外的城市同样可以使用的。\n你们的卡额度太低，帮我注销吧\n卡片的额度建议您保持良好的用卡，后期符合提升会帮您提升的\n你们银行的活动太少了，给我销了吧\n我们有9分享兑、9元看电影活动都是非常好的哦。\n我家人不让我用卡你帮我注销吧\n您消费累计的积分可以用于兑换礼品，建议您可以保留\n你们这个卡一点也不好使\n咱们卡片参加的活动比较多，还可以累计积分呢\n这卡额度太低我不需要了\n可能目前卡片额度现在不够您使用，但是也看您用我行卡片这么久了，可以给你申请终身免除年费，然后卡片放在一边当做备用卡\n我要销卡，需要去柜台办理吗？\n不需要去柜台办理销卡，直接通过客服就可以办理注销\n这张卡片不想用了\n请问什么原因不想用呢？\n我要销户\n卡片建议可以保留使用的\n我的卡片到期怎么没有给我换卡\n查询到您之前有升级白金卡，白金卡未开卡，您的白金卡直接开通就可以使用了\n额度太低了，什么玩意儿，给我注销啦，我帮您尝试申请一下，希望给您带来好消息，再保留用一下吗\n这张卡我已经还完了，取消了吧\n没错账户已经结清，因为什么原因想注销呢\n中信的信用卡不想用了，帮我注销吧\n非常遗憾您做出这样的决定，请问是什么原因要注销呢？\n注销之后卡片就不能用卡\n\n销卡后就不能恢复了\n已经销卡成功了，您剪卡就好了\n\n不同的卡片有不同的特色及优惠，建议您都可以考虑保留的\n卡片我不想用了\n\n网点可以办理销卡么？\n卡片额度太多，没有必要保留那么多张卡 \n没有任何理由就要不要用卡\n帮我销了吧！\n你们服务这么烂把我卡销了吧',0.5,'all','销卡业务',0.5),('20fe0e53-d4c3-4011-bebb-88f5521b2739','你看我本期账单结清了么\n您本期欠款X元\n我的还款到账了么\n您在X月X日前还款X元就可以了\n我是不是逾期了\n您最低还款额是X元\n我的还款日是什么时候\n看到您尾号XXXX的信用卡本月应还款X元\n我的最低还款是多少\n您名下有X张卡，我帮您分别看一下本月的还款金额\n这期我还够了么\n为了方便您查询，我稍后给您发送一条账单短信\n这期我还差多少\n我把您本期账单发送至您登记的邮箱中，好么\nX月X日前我还要还多少\n您本期美元欠款为X元\n我打算还款的，欠多少\n您本期欧元欠款为X元\n我办了个分期，本期还要还多少\n您本期港币欠款为X元\n我薪金煲扣款了，那我还要还多少\n你这张卡目前仅还款了最低，还剩下X元\n我的卡还欠多少钱\n您还款的X元已经到账了，本期已经结清了\n我中信银行的信用卡现在还欠多少钱\n您还款的X元已经到账了，本期仍需还款X元\n我这期要还多少钱\n您名下附属卡和您是同一账户，您还入主卡/附属卡欠款金额都可以\n你帮我看一下我要还多少\n您开通了自动关联还款，我行会在最后还款日当天自动扣款\n我有退了一笔款，你看我这个月还要还多少\n您已经开通了自动购汇，本期您还入足够的人民币，会自动购汇外币的\n我朋友帮我还了款，你看我还清了没有\n您本期已成功办理了分期，所以本月只要还款X元就可以了\n我每张卡的欠款是多少\n您名下有一张现金分期电子卡，需要分别还款。这个月要还X元\n我本月的外币要还多少\n您名下的圆梦金分期欠款和您的消费一起出账单，您跟着账单一并还款就可以了\n我本月的外币最低是多少\n您因为办理了随借金，有一张随借金电子卡，需要分别还款。本月还款X元\n我要还我的美元欠款\n因为您退款的时间在最后还款日后，本期仍需要您全额还款\n我要还我的港币欠款\n您的退款已到账，已抵消本期账单，本月您再还款X元就可以\n我要还我的欧元欠款\n我看到减免的年费已到账，本月您还剩下的X元即可\n我的新快现这个月要还多少\n我看了一下，减免了X元的利息已到账，您还剩余的X元即可\n我附属卡这个月要还多少\n分期手续费已减免到账，您还入剩下的X元即可',0.5,'all','已出账单',0.5),('23a1a756-891e-4f0a-a057-a496c6d4dd43','我刚才申请额度调整怎么不成功\n好的帮您申请，1个小时内短信通知结果\n我用卡这么多年你们银行一直不给我调整额度\n额度调整主要参考综合用卡情况，建议您后期保持多元化消费\n帮我申请个临时额度，我准备买车\n信用卡额度调整主要参考您的用卡、还款及个人征信情况。传真调整额度成功率较低，建议您继续用卡一段时间，若您符合额度调整，我行会主动进行安排，并会短信通知您\n你们额度太低了，我现在要进货帮我申请下额度调整\n非常抱歉，您的额度申请没有成功。但是您不用担心，建议您再用卡一段时间，保持良好的用卡及还款记录，若您符合额度调整，我行会主动进行调整，调整成功也会有短信提示到您\n我近期准备买房，帮我申请个额度\n看到您有几次未能及时还款的情况，这方面有可能会影响到您的额度调整，不过您也不用太担心，建议您再用卡一段时间，保持良好的用卡及还款记录，若您符合额度调整，我行会主动进行调整，调整成功也会有短信提示到您！\n\n你们昨天把我额度降低了，帮我申请提高一下\n我们也希望能够对您的额度进行调整，但额度上的调整除了用卡时间外，也需要保持一个良好的用卡习惯，刷卡消费也最好多到一些大型的、信誉度比较好的商户，这样才能有助于您信誉度的提升，建议您再用卡一段时间，保持良好的用卡及还款记录，若您符合额度调整，我行会主动进行调整，调整成功也会有短信提示到您！\n\n我们公司等下要采购一批设备，帮我申请下额度调整\n我看到您的信用卡才批核，就目前的情况来看，需要进行额度上的调整确实比较困难。建议您再用卡一段时间，保持良好的用卡及还款记录，若您符合额度调整，我行会主动进行调整，调整成功也会有短信提示到您！\n\n马上过节了，申请下额度调整\n建议您可以多刷我行信用卡，最好准时、全额还款，这样会对您在额度调整方面有一定帮助\n\n能不能提供些财力证明调高额度\n目前您还在分期期间，部分额度还处于占用状态，建议您可以在分期/临加到期后，再来电申请\n我后来买了车能不能提供财力证明提高额度\n您提供的资料经过相关部门审核，暂时还无法对您的额度进行调整，建议您可以再用卡一段时间或重新提供更多的财力证明进行申请，不过您也不用担心，若您符合额度调整，我行会主动进行调整，调整成功也会有短信提示到您\n你们银行每次申请都不通过\n因信用卡额度调整会根据您的用卡情况、还款情况、信用记录进行调整，如果您在其他银行也涉及到信用卡业务的话，建议您可以电话咨询一下是否存在异常情况，但您也不用太担心，在额度调整方面，若您符合额度调整，我行会主动进行调整，调整成功也会有短信提示到您\n额度调整怎么这么难呢\n您的额度申请暂时没有成功，但是您不用担心，建议您再用卡一段时间，保存良好的用卡及还款记录，若您符合额度调整，我行会主动进行调整，调整成功也会有短信提示到您\n每次都是调整不成功\n固定及临时额度都已经帮您申请，1个小时内短信通知结果\n自从办了你们的新快现申请额度就不成功，你帮我再申请下\n好的我帮您加急处理，半个小时内短信通知结果\n帮我申请5万的临时额度，我等下买设备需要\n还最低虽然不影响信用记录，但还全额可能对调整额度更有帮助\n等下公司采购你能帮我申请多少的额度可以使用\n额度调整无具体时间要求，主要参考用卡情况，已经帮您申请，短信通知结果\n我要出国游行能调高额度吗\n目前可以调整固定额度1万元，如果您想要更高额度可以帮您再申请，短信通知结果\n我的临时额度可以延长时间吗\n目前可以调整临时额度5000元，如果您不接受，我再帮您申请固定额度，短信通知结果\n我在分期还可以在申请调额吗\n我们也希望给您多调整一些额度，您刷卡越多银行就越有收益 \n为什么一直不能调整额度\n分期额度也是类似一种额外的调整额度，建议您在用一段时间\n在你们APP上调整额度，为什么不成功\n建议分期还完后再来电申请调整额度会更好一些\n什么是永久额度，什么是临时额度\n什么用卡可以调额\n还最低还可以申请调额吗\n海外额度可以申请多点吗\n我的额度用了这么多年还是5000，能不能帮我申请下提高\n我刚升级了白金卡帮我调整下额度\n我刚申请调额短信通知没有成功，再帮我申请下\n我在APP申请额度调整没有成功，你们客服再帮我申请下',0.5,'all','调额婉拒',0.5),('2a838705-defc-4f4e-9311-75155d478d6e','我接到你们的短信，说可以给我办理一张白金卡是吗 \n帮您看到卡片用卡良好，已经符合升级我行白金卡，你看需要帮您升级一下吗 \n你们这边是不是有那种贵宾登记的白金卡啊 \n您卡片也用了半年以上了，一直还款良好，有没有接到我行邀请您升级白金卡的通知呢 \n我在积分兑里程时，看到有那种只要用12500积分兑500里程的白金卡是吧 \n帮您看到您的卡片级别目前比较低，用卡也可以一直没有逾期情况，已经符合升级白金卡条件了，你看需要升级一下吗 \n我看到之前有人给我介绍白金卡，你们白金卡有什么不一样啊 \n目前是总行给下来的名额 ，可以邀请你升级白金卡\n我也用了那么久了，现在可以给我升级一下白金卡吗\n现在可以帮您拉到高端白金群体呢，成为我行白金客户 \n升级白金卡有什么好处啊 \n看到您现在积分有很多了，完全可以升级我行高端白金卡，第一年刚性收年费，第二年起以后都可以用积分兑换的\n你们是不是有额度高一点的卡片啊\n现在邀请您升级白金卡，并且不需要您再去柜台提交财力，工作等证明 \n我现在这张卡片能不能去打高尔夫啊\n看到你恰好在我行升级白金卡的名单里\n我接到你们电话说要给我办一张白金卡，我来确认一下 \n现在升级白金卡，还可以额外赠送健康权益给您享受\n我接到一个4000895558电话说给我金卡升级白金卡，这个电话是你们银行的吗\n现在有一个优惠名额给到您，升级白金卡，\n我收到短信说给我升级了白金卡，年费要扣2000元，怎么这么贵\n白金卡是我行高端卡片，不是每个客户都能享受的\n我这张也是白金卡，你说的那个白金卡有什么不一样啊\n白金卡跟普金卡级别不一样，享受的服务也不一样\n你们白金卡还要年费啊，其他银行都不收年费的啊 \n每个银行都有卡片级别的划分\n听说你们有白金卡是吧，我这卡片都用了那么久了，能不能升级一下 \n白金卡只是少量客户能拥有的\n给我升级可以啊，但是能不能刷卡来抵年费啊\n白金卡等级比普金卡等级更高，所以享受的服务会更多\n升级白金卡，额度会不会高一些啊\n升级白金卡，额度暂不做调整 ，先帮你把服务和级别做升级的\n可以啊，那你给我升级吧 \n可以直接拨打我行24小时白金专线办理业务的\n你们这个白金卡年费怎么交啊 \n升级白金卡，也是作为您身份的象征 \n你给我升级白金卡，那我这旧卡还能不能用啊 \n我们只是针对少量优质客户才邀请升级的\n那你们白金卡还挺好的，那升级吧\n这个也是结合你的用卡，还款等综合评估了一下，已经达到升级白金卡的条件了\n年费那么高，升级白金卡有什么用啊\n建议您将卡片升级一下，对你后期用卡会更方便，比如说参与我行9分享兑活动啊…\n给我调额度的话，我就升级\n可以邀请您成功我行高端卡片，给您更好的服务以及更好的用卡体验 \n我积分平常也不用，你给我升级白金卡，今年年费可以用积分兑掉不 \n白金卡跟金卡服务是不一样的，白金卡可享受最高3万元的盗刷保障险…\n你们银行有没有提供汽车道路救援服务的卡片\n经我行系统筛选，您用卡良好，故邀请您升级一下卡片，成为我行高端白金客户\n你们卡片有没有龙腾服务 \n您也是我行老客户了， 但目前卡片级别还比较低，要不要升级一下卡片呢\n看到您近两年内都没有逾期，是我行优质客户，所以可以升级一下卡片 \n恭喜您，获得到了我行升级白金卡的名额，同时不需要再提交财力补充证明\n你现在只是金卡级别，可以给您再往上升级一下，升级为白金卡了 \n升级后可以享受首年收年费，但第二年及以后直接可用积分兑换年费的 \n不需要交任何资料，可以直接尊荣升级',0.5,'all','年费产品',0.5),('2abac5b6-be0c-446a-8132-308831f247a6','我还错卡了\n是的，您还错了，我帮您转过去\n我那张卡多还了，你帮我处理一下\n我现在帮您办理卡转卡\n我把欠款还到那张不能用的卡了\n没关系，我帮您转过去\n你帮我办理转款\n好的，我帮您转款到其他卡\n我好像还错了\n是的，您还错了，我帮您处理\n能不能帮我转到其他卡啊\n可以的，我帮您转过去\n你们银行为什么不能还到一张去，害我还错\n我现在帮您转到其他卡\n为什么我还款后没有显示，是不是还错了\n您还错卡了，我现在帮你处理\n帮我把多存的钱转到其他卡\n我现在帮您转到您京东卡片去\n帮我那张注销的卡片的钱转到正常的卡片吧\n我帮您操作办理卡转卡\n办理时间需要1-3个工作日\n办理期间您先不能消费\n办理成功后你关注到账情况',0.5,'all','卡转卡办理',0.5),('2be998f3-8c94-438c-a33f-e41de173e439','分期费率是这么高，你们没有说呀\n很抱歉，正常时都有相关提示会有短信提示\n每个月本金还了，手续费没有减少呀\n分期业务是等额还款本金和手续费的\n怎么手续费占了额度\n手续费记账会占用卡片额度\n可用额度怎么少了\n查询到账户明细中…\n圆梦金怎么刷了自己卡额度\n圆梦金有效期内，消费后要办理关闭…\n借款后自己额度怎么少了\n查询到您这笔借款其中有…是固定额度\n办理时不是这个期数\n查询到您办理选择的是…期\n我办理时你们说有优惠的\n查询您办理时费率是标准费率\n每个月手续费都是这么多，不合理\n分期业务是等额还款本金和手续费的\n提前还款还要有违约金不同意\n我要取消分期\n查询您分期已办理成功，确实无法取消，可为您办理提前还款\n你们未经过我同意，我不同意支付手续费\n提前还款违约金怎么变成百分之三了\n你们之前说的提前还款无任何费用',0.5,'all','分期类投诉',0.5),('2d768b08-58a4-4d25-bfa8-f9a1c6742725','我已经还款了为什么还提示我欠款\n不好意思，帮你查询到目前还没有还款记录\n帮我查一下还款有没有到账\n不好意思，帮你查询到目前还没有还款记录\n我昨天就通过动卡空间还款，为什么没有到账\n不好意思，帮你查询到目前还没有还款记录，有可能是系统延迟到账，建议您在关注下\n我已经通过支付宝还款了，为什么没有到账\n你看，是不是没有成功，有没有收到退款通知\n不是说通过微信还款实时到账吗，为什么还没有到账\n不好意思，有时候系统延迟，可能会晚一些到账\n你们还款要多长时间\n具体要根据您的还款方式来定，如通过支付宝、微信还款实时到账。\n我已经存钱到借记卡了，怎么没有扣款\n不好意思，帮你查询到目前还没有还款记录，你是什么时间存款到借记卡的\n帮我查一下为什么还款没有到账，钱去哪了\n你是通过什么方式还款的？\n我通过支付宝还款没有成功，你们帮我查一下原因\n支付宝还款一般是实时到账的，你是通过什么方式还的\n假如第三方还款未入账，资金什么时间退回？\n退回时效一般为3个工作日\n假如我通过支付宝还款没有到账怎么办\n建议客户咨询支付宝客服\n卡中心官方微信跨行还款未到账\n一般还款失败会在1-3个工作日退回客户转出卡，需客户确认转出卡状态正常；如客户强烈要求查询，先判断客户的还款渠道商（CC自动还款管理界面：富友或通联），如是通联可建议客户致电通联客服95156查询（此方式处理时效较快）； 如客户强烈要求查询，先判断客户的还款渠道商（CC自动还款管理界面：富友或通联），如是通联可建议客户致电通联客服95156查询（此方式处理时效较快）； \n\n\n\n我是通过你们银行还的款，现在没有到账，你们应该帮我查\nXX先生/女士，您所反馈的情况，我已帮您记录并反馈，跟您再确认下相关信息（客户需提供的信息），由于XX原因（主要为ATM清机、他行/第三方核账等原因），大概需要10个工作日的处理时间，结果核实后会有专职同事通知您处理结果，给您带来不便之处敬请谅解。\n\n我已经通过农行还款了，没有到账，怎么办\n我已经还款了是你们没有收到，为什么要收我利息\n你们没有通知我要分开还款，不是我的问题，我要更新征信记录',0.5,'all','还款未入账处理',0.5),('32944cee-5b8e-4b0c-867c-28ff4a52067c','新快现可以提前还款么？\n现在您手续费是有优惠的\n我收到短信说现金分期专项额度。\n现在现金分期手续费是最为优惠的分期了\n我要办新快现。\n这个就是转到您名下的储蓄卡还款的那种分期\n新快现业务是你们银行的么？\n这个分期其实很方便，就是转到您名下储蓄卡分期还款的卡片\n我办理了一个转到我名下储蓄卡的分期是什么呀？\n新快现可以分多笔还款的\n20万新快现分36期月费率多少？\n现金分期很方便还款的，仅需要还款到现金分期电子卡就可以啦\n你们新快现费率好高呀。\n这个是一个比较特殊的还款方式，他需要单独还款至现金分期电子卡\n新快现有优惠吗？\n新快现不可以还最低还款额哦！需要全额还款的\n为什么在动卡空间我的新快现办理不了了啊？\n您目前卡片新快现确实有0.49的优惠汇率的\n新快现为什么占用我卡片的额度啊？\n你就是直接转到储蓄卡再消费的\n买房可以用新快现么?\n这个分期你需要保留好消费凭证的，我行需要调阅的\n为什么新快现用完了还给我分期呢。\n我们需要您消费后保留好消费凭证，我行拥有随时调阅的权利的\n新快现可以用于干什么呀？\n新快现办理后，转到您名下储蓄卡消费，您消费了什么，就保留什么就可以了\n你们发短信说有个现金分期业务。\n您是需要转到储蓄卡的那种分期吗？\n你们有个大额消费分期业务。\n我行没有贷款，但我行有现金分期\n你们打电话说有个什么新快现业务。\n新快现不能用于生产经营，房地产，投资等非消费领域\n我想办大额消费分期业务。\n新快现资金并不都是随时都有的，他会随时变化的哦！\n你们有个叫什么新快现的业务是吗？\n您现在确实已经符合了办理分期的条件，您是否需要办理转到储蓄卡的分期呢?\n你们有个贷款什么现金分期业务？\n这个分期启动的是额外的分期额度，这个不包括你的\n你们有什么大额消费分期业务么？\n我行有转到名下储蓄卡，然后分开还款的分期的\n我的微信公众号上显示有个新快现。\n您目前现金分期有20多万哦!您需要办理吗？\n我的动卡空间上显示有个高额分期业务。\n现在新快现分期期数有很多种的，您想要办理哪种的？\n你们给我发短信说的高额分期是什么？\n新快现分期就是可以转到储蓄卡后消费的分期的\n你们之前给了我一个什么0.49%费率的分期是什么呀？\n您是从哪里看到这个新快现分期的呢？\n之前可以转到储蓄卡分期还款那个是什么分期呀？\n新快现分期金额是可以转到名下储蓄卡的呀！您需要办理嘛？',0.5,'all','现金分期',0.5),('3807a737-dfcd-4c74-bad0-d2bc9032429f','本期账单我怎么没有收到电子账单呀？\n我给您重新补发一份电子账单\n你们账单给我发了吗？\n你没有收到，没关系，我们给你重新补发一份\n这期账单金额不对呀，怎么这么多\n我给您补发一下这期电子账单，您可以核对下明细，如果有疑问可再来电咨询\n我怎么越还越多了，你们是不是额外扣我费用了\n经核实，没有额外多收您的费用，可以给您补发一下近半年的电子账单，您核对一下\n我要办出国签证，你给我补发一份有我住宅地址的对账单\n可以给您补发对账单，但账单上的地址是您现在的通讯地址，不是住宅地址\n我要加盖公章的对账单\n我帮您申请补发纸质账单，会加盖客服公章\n我要核对下近一年的消费流水\n我帮您补发一下近一年的电子对账单，您核对一下消费流水\n我用卡以来一共消费了多少，还款了多少？\n我可以给你补发一下用卡以来的对账单，您可以核算一下\n给我补发一下从去年5月份开始到现在的对账单\nXX先生，我给您补发电子账单可以吗？因为超过一年的纸质账单，需5元/份。\n我每期账单都能收到，为何就这期账单没收到呀\n您别着急，我马上给您补发一份，您看是否能收到\n你们银行是否给我漏发了对账单呀\n我查询到是XX号给您发的账单，可能是系统等原因您没有收到，我马上给您补发一份\n为什么我一直收不到你们自动发的账单，而补发的就能收到呢？\n不好意思给您添麻烦了，我先为您补发一份本期的账单，然后帮您核实下原因\n我卡被盗刷了，我要查询一下以前是否也有盗刷的情况\nXX先生，我给您补发电子账单过去，您可以核对下是否有疑问，若有其他交易也有疑问，可来电反馈\n我出国时帮朋友刷了一笔钱，她要看下实际入账的金额\n我查询到交易已出账单，给您补发一下本期账单，您可以给您朋友看一下\n为什么这期账单还没发给我\n我看到账单已，今天会给你发送，可能还没发过去，如您着急，我先给您补发一份过去\n纸质账单我没有收到\n可以把我行邮箱地址添加到白名单中\n彩信账单如何补发\n电子账单可免费为你补发\n电子账单上会有地址显示吗\n名下多张卡会邮寄一份电子账单\n电子账单什么叫本期新增金额\n电子账单中也有很多分期产品推荐\n为什么总是收不到你们行的电子账单\n纸质账单可免费补发近12期的\n你们有纸质账单发送吗\n纸质账单是用挂号信方式邮寄,邮寄时间可能会慢一些\n账单可以补发给其它人吗\n如要求账单中加盖公章,出具时间是3工作日左右\n我的电子账单是每月几号可以收到\n加盖公章的账单可以用电邮的方式发送给你\n我的账单是不是发给别人了\n加盖公章的账单,如要求快递邮寄需要收取20元快递费\n彩信账单会收我的费用吗\n电子账单和纸质账单都可以补发\n你想补发几月份的电子账单',0.5,'all','账单补寄',0.5),('41412ceb-f9c0-445b-866c-f6207ab5f4bf','我的卡丢了\n已经找不到了吗\n卡找不到了\n确认丢失了是吗\n钱包被偷了\n卡也丢了吗\n卡被别人拿走了\n确认找不到了是吗\n我要挂失\n卡丢失了是吗\n担心卡不安全我要换一张\n卡已经不再您身边了是吗\n卡号泄露了\n卡片信息泄露啦吗\nCVV2泄露了\n您的卡片信息已经泄露\n卡掉了\n确认是信用卡丢了吗\n换一张卡\n挂失后会补发信卡\n已经挂失了我要换卡\n卡片还没有挂失只是止付，确认找不到了吗？\n信用卡被盗了\n您确认卡丢失了，我给您挂失补卡\n以前卡丢了，我还想用卡\n需要给您补发信卡\n我的卡还能不能用\n您的卡已经挂失过不能使用了\n信用卡遗失了\n卡片已经挂失我给您改地址补卡\n钱包遗失了\n已经挂失不能再用了，您要是用卡我给您补卡\n这些交易不是我的，我已经报警了\n既然已经丢失 了未了卡片安全，我给您补卡\n别人盗刷我的卡了\n若卡在别人手中您拿不回来，那我们给您挂失换卡\n卡已经丢了，我不要了\n挂失后不用补办新卡了吗\n我的卡是不是已经挂失了\n核对最后一笔交易后为您补卡\n我没有挂失啊，只是临时止付了\n超过72小时的临时止付了\n我已经找到了，不用挂失了\n已经挂失无法解除的\n信用卡挂失还能用吗\n可以为您补卡新卡，原来卡已经不能用了\n卡还没有开通但是丢了\n挂失后补办的新卡卡号会变',0.5,'all','卡片挂失',0.5),('49248639-0f68-430c-98e6-9161c667532a','你们有什么保险服务\n留意到您尾号为XXXX的卡片用卡记录良好，现在有个我爱我家的优惠活动可以享受\n你们可以提供私人医生服务热线，不限次数的服务是什么 \n现在有一个我爱我家的产品，高性价非常高，目前回馈给到优质客户的 \n我收到你们银行的短信，说有个我爱我家的服务是什么\n我行目前有推出一款叫做我爱我家的产品，是针对优质客户可以办理的 \n我收到短信，说我办理的我爱我家要续期，我没办理过啊\n你可以享受高达85万保额的家庭意外伤害保险\n我接到你们银行电话，说给我办一份高达85万的高额保险，我来了解一下 \n双方父母均可享受的二次诊疗服务\n你们银行可以提高一个二次诊疗给到父母用的是什么服务，给我介绍一下 \n你可以享受私人医生服务热线，全年不限次，无额外费用的在线医疗咨询服务\n我最近想去旅游，有没有酒店类自助餐的服务可以提供啊 \n我行优质客户可以享受到一份百万保障，保额高、范围广的我爱我家服务\n你们之前给我办的产品，说给我和家人都可以保的那个家庭意外伤害保险，现在我孩子摔跤了，能报销吗\n订购“我爱我家E”增值服务产品的持卡人，可享受我行提供的零起点消费短信提醒服务和附赠的百万家庭综合意外伤害保险、全球第二诊疗意见服务、私人医生热线服务。\n我咨询下，你们之前给我介绍的，说驾驶意外也保的，现在还能办不\n给您办理后是附赠百万家庭综合意外伤害保险，若持卡人因意外事故导致身故或者全残可以进行保险赔付\n你给我介绍的二次诊疗，是包含医疗保险吗？\n百万家庭综合意外伤害保险，不仅您本人可以享受，您的爱人和子女均可享受 \n你给我介绍这个家庭意外伤害保险，是消费型保险还是投资型保险啊？\n这款产品保障范围非常广，比如电梯意外、驾驶意外、航空意外等热点事件，及专业体育运动意外伤害均在保障范围\n你们这个我爱我家保险是每年都是这个价格，还是只第一年啊\n我爱我家产品可以享受团体价格，且承保公司是人民财产保险股份有限公司深圳分公司，你可以了解一下 \n你们介绍的家人都可以一起保的伤害保险，在官网哪里可以详细看啊？\n我爱我家产品属于优选增值服务产品，每位客户每年限购一次，并且只是针对少量优质客户提供的\n你介绍的家庭意外伤害保险，我两边父母都可以保吗？\n您是我行资质客户，恭喜您可以办理我行优选增值服务的我爱我家服务产品，可以享受…\n给我办的这个家庭意外伤害保险说子女有10万，我有两个孩子，是总共加起来的，还是每个孩子都有啊？\n关注到您用卡状况良好，是我行优质客户，现诚意邀请您办理我行最新推出的我爱我家E服务，简单为您介绍一下好吧\n我想问下，你们这个家庭意外伤害保险，是哪个承保公司啊？\n可以办理我行回馈优质客户的味觉盛宴产品，就是您可以享受3次双人礼遇自助餐和6次两人同行享五折优惠自助餐的\n我已经有买过保险了，那再买你们银行的保险会不是重复了啊？\n我行提供的味觉盛宴，可以去23个热门城市近50家五星酒店，为购买客户提供高奢五星酒店品牌的美味之旅\n正好我带我家人去吃自助餐，你刚介绍的自助餐的服务有哪些酒店可以去啊，价格怎么样 \n是一款“关爱家人”的家庭服务套餐\n我刚到通知短信，就是我去年买的我爱我家产品要续期了，我想取消，不办理了\n目前只针对少量优质客户享受的产品叫做味觉盛宴，可以去全国含北京、上海、广州、深圳等23个热门城市近50家五星酒店享受，非常划算 \n给我办的那个家庭意外伤害保险的，我到时找谁去报销啊，怎么报销呢 \n办理完后你不仅可以享受百万家庭综合意外伤害保险服务，我行还赠送零起点免费短信提醒功能\n你给我办的这个我爱我家产品，说有一个零起点免费短信提醒，还另外收费吗 \n这个我爱我家产品E产品不同于之前的产品，有“一对一”的医疗服务，低价就可以请到一个全科“随身”医生，更可获得全球专业医院的二次诊疗意见\n你们说的全球第二诊疗意见服务，有哪些疾病包含在里面啊 \n不是每位客户都符合的，您的家人一样可以享受的高额意外伤害保险，低于市场价，你可以了解一下 \n你们说介绍的私人医生服务热线，还另外收费吗，怎么预约啊\n一人投保，全家获益，且针对优质客户邀请办理的产品\n我买的这个我爱我家的保险什么时候生效啊 \n它性价比非常高，持卡人本人以及家人一起享有高额保险\n我办的这个我爱我家保险第二年我怎么交钱啊，到时不想要了怎么办 \n这个保险产品，是给您和家人的一份保障，保额非常高',0.5,'all','中收产品',0.5),('4ceb42e9-cbb7-4d1e-8ca9-51bc3d95a82d','我的卡能在国外使用吗？\n卡片可以在国外使用\n卡片要怎么用\n卡片是双币卡片，国外可以使用银联线路\n卡片使用不了\n您卡片是正常的，建议您换个商户消费\n卡片是有限制吗\n银行没有具体的消费限制\n卡片不设置密码能不能用\n卡片可以设置成签名模式\n卡片不需要输入密码就可以消费吗\n国内没有visa线路吗\n国内没有visa线路\n国内没有万事达线路吗\n国内没有万事达线路\n国内没有运通线路吗\n国内没有运通线路\n商户为什么消费不了\n商户有些评分比较低可能会消费不了\n这个卡是单币卡还是双币卡\n卡片只能走银联路线使用\n全币通卡为什么只有一个线路\n卡片只有visa线路',0.5,'all','用卡服务',0.5),('4f382bfb-ee74-4943-a13e-672446d6ec31','帮我修改下消费模式\n消费模式有两种\n我是怎么样消费的\n是凭签名消费\n为什么我消费不用输入密码\n目前查询是凭签名消费\n我还没输入密码就消费成功了\n因为你是仅凭签名消费的方式\n密码输入错误了为什么消费成功了\n您的消费模式是签名\n帮我改用密码消费\n有签名和密码加签名消费\n什么叫消费模式\n目前有两种方式，签名或密码加签名\n语音中提示修改消费模式是什么东西\n我们有两种消费模式\n不能就用密码消费吗\n签名是必须选择的\n我不想用密码消费\n可以为您改为凭签名消费\n用签名消费安全吗\n建议选择密码消费\n怎么样修改消费模式\n卡背面要签上你的姓名\n怎么样签名啊\n商户的POS单上需要签上姓名 \n可以不用签名消费吗\n密码可以选择不使用\n我一直都用密码消费啊\n虽设置了密码但未修改消费模式\n你帮我关闭了小额免密功能\n银联小额免密免签功能是银联推出的，有严格控制商户准入、交易监控等措施，对您资金是安全的，建议您保留。\n为何你们不经过我的允许就开通了小额免密功能呢？\n不好意思给您添麻烦了，小额免密功能是银联小额免密免签功能是银联推出的。该功能给持卡人更方便快捷的支付体验，还有失卡保障险，您放心，是安全的。\n我刚没有输入密码为何就刷卡成功了呀？\n这边帮您核实到是因为部分指定商户支持银联闪付联机小额快速交易，即小额免密免签交易，是我行与中国银联为持卡人提供的一种小额快速支付服务。\n你们小额免密支付安全吗？\n小额免密支付是安全的，不仅享有盗刷保障险，而且有严格的商户准入、交易监控等保障措施\n未什么我的卡无法挥卡支付？\n经查询您是一张双币卡无法在受理终端的“闪付”感应区“挥卡”，您可以用磁条刷卡成功\n你们为什么没有提前提醒我修改密码消费，如果盗刷了你们负责吗？\n不好意思给您造成不便了，我现在马上帮您修改消费模式\n你帮我恢复小额免密的功能\n好的，我帮你登记恢复小额免密支付\n我的那笔交易不是我刷的，我听说银联有小额免密免签交易的赔付，我这笔能不能赔？\n\nXX先生/女士，非常感谢您对我行服务的关注与支持，如果您是对通过银联免密免签方式的小额交易有争议，我们会反馈给专职部门进行处理，关于赔付情况专职部门会在核实后跟您联系处理，请您保持电话畅通。\n\n听说你们小额免密支付限额调整了，是吗？\n是的，2018年5月调整至每笔1000元人民币及以内，每日3000元，每月18600元，境外以当地限额为准。小额免密日累计上限仅针对凭密码交易的客户，凭签名交易的客户不受此限制\n什么是小额免密支付？\n银联闪付联机小额快速交易，即小额免密免签交易，是我行与中国银联为持卡人提供的一种小额快速支付服务。当持卡人使用我行具有“闪付”功能的金融IC信用卡或移动设备，在指定商户进行一定金额，及以下的交易时，只需将卡片或移动设备靠近POS机等受理终端的“闪付”感应区“挥卡”，即可完成支付。\n我只要密码消费不需要签名可以吗',0.5,'all','交易模式',0.5),('56791c1e-940d-4f9d-9051-1d34e9a940c1','你们银行还有什么还款方式啊\n我们可以通过支付宝、财富通的方式还款哦\n通过转账的方式还可以吗\n可以通过其他银行转账还的\n一定要去柜台还款吗\n不需要哦，还款方式有很多的，比如我行手机APP，支付宝等\n你们的还款方式有哪些啊\n像现在常用的还款方式可以通过支付宝、财富通的方式，或者也可以通过其他银行转账还款\n我要怎么还款啊\n还款渠道有很多比如支付宝，微信，手机银行，动卡空间等\n\n我能怎么还进去啊\n还款短信与您的还款方式有关，支付宝，微信，盛付通这三种方式是没有，如需短信可以通过手机银行转账\nATM可以还款吗\n我要通过什么渠道还款呀\n支付宝还款可以吗\n我在其他城市怎么还款啊\n可以通过微信还款吗\n你们银行的APP可以还吗\n通过你们的手机银行可以还款吗\n通过你们的网银可以还款吗\n你们还款太麻烦了\n你能不能告诉我一些方便的还款方式啊\n除了支付宝还有其他还款方式吗\n你能给我介绍一些其他的还款方式吗\n我现在急着还款，你赶紧告诉我有什么还款方式\n我家人能帮我还款吗\n我可以让我朋友帮我还款吗\n可以绑定我的储蓄卡还款吗\n请问下信用卡要怎么还款\n没有卡号我怎么还款\n柜台一定要带上卡才能还吗\n没有开户行我怎么转账啊\n我的钱已经转出了，你们为什么还没收到\n为什么只到账这些钱\n能看到是哪里还进来的吗\n我没有还款啊\n卡号还款还是信用储蓄卡还款\n我现在还款还到以前的老卡里可以吗\n我想查一下这张信用卡是哪个支行办理的\n我这个月要还款的美金是按当天汇率吗\n信用卡我不知道怎么还',0.5,'all','还款方式查询',0.5),('57e6e670-bf05-4834-ba88-105add7cd2ff','你们有电话联系我推荐一款产品\n请问是什么类型产品\n你们有个商品分期\n请问您说的是什么商品\n你们有款手机怎么买\n请问是分期还的吗\n你们有款中医理疗是怎么办的\n我们目前这款理疗产品是分期的\n你们动卡空间有体检业务\n我行有小信体检项目\n最近旅游，你们有什么产品吗\n我行有逸游族非常不错，给您介绍下\n想给父母安排一次体检\n我行有关爱父母体检套餐还可以办理分期\n你们是不是有足贴售卖\n我行有官网在售正安国货铺-艾叶足贴，月供3.25\n我接到短信有纪念币\n我行有多宽纪念币套装，例如12生肖\n你们是不是有分期的商品在哪里看\n可通过动卡空间-信运汇查询详情\n最近很火的世界杯，你们有没有推荐的\n我行推出俄罗斯世界杯，月供106.67\n你们网上手机分期有保障吗\n请放心，正规产品\n有什么自助餐优惠吗\n我行有高端酒店自助餐您可以了解\n我看你们有什么味觉盛宴是怎么买\n我行味觉盛宴-A.双人礼遇：全国38个城市，超100家高端酒店，享受3次双人礼遇自助餐B.五折优惠：全国37个城市，超100家高端酒店，享受6次两人同行享五折优惠自助餐\n',0.5,'all','邮购分期',0.5),('5e51037a-4742-48ff-be4d-c93f1fcd27b6','为什么才还了款就消费不出来？\n现在卡片被降额了，现在可用额度只有XXXX元了。\n\n我卡片怎么降额了啊？你们也没有通知我啊？\n这个不会有短信通知的，我行是实时审核的\n我的额度怎么不对。\n\n我的卡片怎么突然被你们停用了？\n我的卡片怎么交易不成功了\n\n建议您更换其他商户尝试使用。\n给我看看我的卡怎么回事\n\n很抱歉，根据您过往的用卡情况综合评分比较低，所以额度降额了\n你们把我的卡片冻结了怎么不提前告诉我\n\n很抱歉，给您带了不好的用卡体验了，额度降低是参考综合评分，大数据环境下系统调控，所以会根据您的用卡及还款情况，实时调控。\n\n你的卡片额度是有做了调整\n\n卡片已暂停使用了，建议您还款后注销\n\n卡片恢复不了了\n\n你们就是不想让我用卡\n\n你们没有提前通知我不能使用\n\n我好好的用卡，你们怎么搞的\n我的卡片怎么突然被你们停用了？\n我刚刚刷卡，说我什么限制\n我的卡片额度怎么又降低了\n你帮我看看我换了1万怎么额度只有5千\n还一次降一次你直接把卡给停了得了\n你们银行有完没完的一天降几回\n我的卡是不是给我降额了\n我都是按时还款的，从来没逾期，为什么给我降额\n别的银行都往上升，就你们降额\n你们降额就降吧，不通知也就算了，现在你们是不停的降，还一次降一次，你们什么意思？\n你们的卡到底能不能用了，一直要降到多少钱才结束',0.5,'all','管控项目',0.5),('60619868-ae85-4659-b92e-fa421068fd11','我这期账单没有消费那么多，怎么欠款那么多呀？\n这边帮您核实了一下，是上期账单少还款产生利息了\n本期账单里0.63是什么费用呀？\n我查询了一下，是您取现产生的利息\n我取了一笔钱，帮我看下收了多少费用？\n经查询收取了60元取现手续费及一百多取现利息\n我刚收的短信说我卡超额了，你们会有额外费用产生吗？\nXX先生，我行卡超额不产生额外手续费，您按时全额还上就好\n你帮我查询一下我晚还了几天产生了多少费用？\n这边帮您查询了一下产生了违约金20，利息具体要下期出账单后才能查询到\n你帮我查询一下，上次挂失收取了我多少费用？\n我查询了一下扣除了您40元的挂失费用\n你帮我算一下，如果我这期只还最低额，要收多少费用？\n如果您本期只还最低额，利息预估有两百多\n我就晚了几天还而已，你们既收了我利息，还收了违约金呀\n您如果最后还款日之前未还够最低额则会收取违约金\n你帮我看下今年你们总共收了我多少利息\n我帮您算了一下近一年，您一共产生利息五百多\n我本期账单有多少利息\n您本期账单利息有XXX元\n我本期账单产生多少违约金\n您本期账单违约金有XX元\n你帮我查询一下，我提前缴款扣除了多少手续费？\n您提前缴款的两笔分期，总共收取了六百多提前缴款手续费\n我已经全部还完了，为何本期还有欠款\n经过查询本期账单是取现利息产生\n你帮我算一下分期我已经支付了多少手续费了，还剩多少？\n这边查询到您已经支付了6期手续费共XX元，还剩6期共XX元\n你帮我算一下近半年，你们总共收取了我多少利息？\n我帮您计算了一下，共XX元利息\n我从办卡以来，产生了多少费用？\n稍等，这费用个需要计算一下，您用的时间有点长了\n上次我转出一笔钱你们已经收取我转出手续费了，为何这期账单收取费用\n我查询了一下，是因为您转出的这笔钱不是实际超存金额，导致产生了现金利息XX元\n你们颜卡定制款的制卡工本费好高呀~\n颜卡定制款-蝶卡限量版，故制卡工本费比较高\n你们银行还最低额产生的利息高，还是分期还款手续费高呀？\n因两者是不同的费用，无法直接比较\n你们开具证明怎么扣了20元费用呀\nXX女士，我行开具证明是有20元的手续费的\n你们快递寄卡还收取快递费呀，不是免费的吗？\n我行卡一般是约投挂号信方式邮寄，是免费的，如果快递，确实要加收快递费用20元\n你们收费不合理啊\n还款越多下期产生的利息就越少\n卡片超限会产生费用吗\n还最低还款产生的利息与欠款总金额有关系 \n利息和分期手续费哪个划算\n违约金最低收取20元每笔\n利息和分期手续费收费是相同的吗\n利息最低1元,按月收取复利',0.5,'all','财务费用查询',0.5),('6148b88f-f0af-4d39-9a8d-74783f64b81c','我没有办法还款\n我行有3天宽限期\n能延几天还吗\n请通过及时到账方式还到信用卡中\n我要过几天还款\n请在XX日晚上八点前通过及时到账方式还到信用卡中\n现在还不了款怎么办\n你已经在我们宽限期还款到账了\n我能晚点还吗\n在宽限期内还款不会产生利息和违约金\n我最晚什么几号/什么时候可以还\n在宽限期内还款不会产生影响征信\n我忘记还款了,怎么办\n您最迟什么时候可以还\n明天是我最后一天还款了\n如果您确实在最后还款日还不上，可以在XX日晚八点前还到信用卡\n你们银行能晚点还款吗\n您可以在宽限期内还款\n你们银行有延迟还款吗\n为您申请3天的宽限期\n还款可以宽限几天\n您只要在X日前把剩余部分还上就可以了\n昨天是最后还款,我忘了\n只要在X日前把剩余部分还上就不会影响征信\n今天是最后还款,我忘了\n我现在还款来得及吗\n今天最后一天还款，能晚点还吗\n明天还款来得及吗\n还款没有到账怎么办\n我还没有还款\n晚两天还款可以吗\n再容我晚几天还\n我暂时还不了\n资金紧张还不了\n没钱还，能晚点吗\n我在外地还不了\n在外地怎么还款\n机器坏了，还不了\n支付宝还款不成功怎么办\n微信还款不成功怎么办\n今天还不上怎么办\n帮我申请晚几天还\n太忙了，没时间还款\n现在国外，还不了\n已经过了最后还款期限了\n你们银行没有通知我昨天是最后还款日\n资金困难，今天还上不了\n晚还了不知道会不会造成信用不良\n晚还会不会影响征信',0.5,'all','延期还款',0.5),('6511e016-8745-4cc7-9a14-d6a267a3236e','你们取现怎么收费的\n取现是按照取现金额的2%收取手续费\n我账单中的利息是怎么来的\n利息是按照\n我的年费是怎么收的？\n您的卡片年费每年可通过刷卡5次减免\n我在网上看到你们有一款XX白金卡，年费是怎么收的\n白金卡的年费\n怎么还有违约金呢\n您的卡片是I白金卡，每年通过刷卡12次减免年费\n我才晚了几天你们怎么收了这么多的利息\n违约金是按照\n利息怎么收\n挂失会收取40元挂失费\n挂失还要收费吗\n补卡是免费的\n补卡有费用吗',0.5,'all','收费标准',0.5),('6f03d872-3ba0-4ddf-b7fc-ca726e8daa96','帮我看下未出账单有多少欠款\n您未出账单的人民币欠款X元\n帮我看下未出账单有多少利息\n您在X月X日还款X元\n帮我看下未出账单有多少笔消费\n您在X月X日消费X元\n帮我看下未出账单有多少笔退款\n您未出账单有X笔退款\n帮我看下未出账单有多少笔还款\n您未出账单目前可以人工购汇\n帮我看下未出账单是否有分期入账\n您未出账单有X笔退款\n帮我看下未出账单是否有外币消费\n您未出账单有X笔还款\n帮我看下未出账单是否有外币欠款\n您未出账单目前可以不能自动购汇\n帮我看下未出账单是否有外币退款\n您未出账单目前可办理单笔分期\n我的未出账单可以打印吗\n您未出账单目前不可办理账单分期\n我的未出账单可以发邮件吗\n您的本期账单已结清，剩下的欠款在下期出账单再还就可以了\n我的未出账单都结算完了吗\n您的分期已办理成功，手续费及第一期分期本金，您在下期出账单还款即可\n我的未出账单港币欠款是多少\n看到您未出账单中消费了一笔X元的美金\n我的未出账单欧元欠款是多少\n看到您未出账单中消费了一笔X元的港币\n帮我看下未出账单我还款总金额\n看到您未出账单中消费了一笔X元的欧元\n帮我看下未出账单我消费总金额\n您未出账单目前这笔金额还未入账\n帮我看下未出账单我分期总金额\n您未出账单目前无欠款\n帮我看下未出账单有多少笔分期\n您未出账单目前没有消费记录\n我未账单分期总金额\n您未出账单目前还没有出账单，暂时不用还款\n我未出账单的分期可以提前还款吗\n您在X月X日退款人民币X元\n我未出账单的消费可以提前还款吗\n您未出账单的美元欠款X元\n我未出账单的外币消费可以提前还款吗\n您未出账单有一笔美元退款X元\n我未出账单的消费我不是很清楚你帮我查询下\n您未出账单的港币欠款X元\n我未出账单外币可以分期吗\n您未出账单的港币退款X元\n我本期还完了，还有欠款么\n您的未出账单有X笔欧元消费',0.5,'all','未出账单',0.5),('7154c5d6-a341-482b-8ac4-97491a88c02e','客户\n客服\n我怎么开通自动还款业务\n可以从网银、语音或者我们人工都可以开通\n我能不能把信用卡跟我的储蓄卡绑定在一起，自动还款\n可以的 \n你们有没有自动扣款的业务\n有的，需要帮你开通吗\n我能开通信用卡自动还吗\n可以的，需要开通吗\n你们银行还款太麻烦了\n不好意思，给你添麻烦了，你可以通过支付宝、微信或者绑定自动关联还款业务的\n你们网点太少，还款不方便\n不好意思，给你添麻烦了，你可以通过支付宝、微信或者绑定自动关联还款业务的\n我怎么还款\n我们还款方式有很多，你可以通过支付宝，微信或者绑定自动关联还款都行，非常方便的\n你们有什么还款方式\n我们还款方式有很多，你可以通过支付宝，微信或者绑定自动关联还款都行，非常方便的\n我能每个月让它自动扣款吗\n可以的，开通自动转账功能即可\n你们有信用卡自动还的服务吗\n有的，需要帮你开通吗\n能把信用卡跟我的工资卡绑定吗\n可以，需要开通吗\n外币怎么还款\n可以开通自动购汇的功能\n美元的消费我能直接还人民币吗\n可以，开通自动购汇功能即可\n你们柜台工作人员说要开通什么购汇的服务\n自动购汇\n怎么开通自动购汇\n现在就可以帮你开通\n哪里可以开通自动购汇功能\n人工服务就可以开通\n我在你们官网上看到一个自动购汇是什么\n自动购汇是说消费了外币直接还人民币的功能\n我出国消费了外币，怎么还款\n只要开通自动购汇，直接还款人民币即可\n自动还款有金额限制吗\n本行暂无金额限制，其他银行的话需要咨询借记卡发卡行，部分是有金额限制的。\n跨行自动转账中，我如果关联多张卡片，但是金额不够，如何扣款\n客户欠款只够还一张，则只扣一张。如都不够还，则储蓄卡不会扣款。\n\n我借记卡挂失补办了，需要重新签约自动关联还款吗\n不需要，如果借记卡换卡或存折更换了，需要客户自行修改借记卡卡号或存折账户号。\n关联工行借记卡工行会扣钱吗\n工行签约环节会有一笔验证账户的扣款（一元以下随机金额），并在24小时内退回持卡人借记卡。\n关联本行自动还款，扣款成功后有短信通知吗\n会有的\n客户开通本行关联还款，但所关联储蓄卡已开通薪金煲，当活期账户金额不足时，是否会赎回薪金煲进行信用卡还款。\n会的\nT1卡，卡未激活的状态下，能通过柜台或95558人工关联本行自动关联吗？\n可以的',0.5,'all','自动转账及购汇',0.5),('7292d230-c4e6-4bd0-831e-0ccb28fbc9d5','你们有哪些指定合作分期门店？\n您只需要带上身份证和信用卡，即可刷中信信用卡办理您可用额度内的商场免息分期\n你们卡片在国美可以分期么？\n分期办理成功后会占用您的信用额度，相关分期起始金额和手续费用，需麻烦您咨询门店\n你们在苏宁商场手续费是多少？\n您所在城市我行暂未开展商场免息分期业务\n我看到一个3期/6期收取2.5%,12期收取4.5%的分期是你们的么？\n不同商户指定门店办理分期的起点金额以及手续费可能有所不同，请以各门店公示为准\n你们卡片在苏宁可以分期么？\n您说的是我们的商场分期业务。\n你们在国美商场手续费是多少？\n我看到国美商场你们信用卡可以分期，对么？\n我看到苏宁商场你们信用卡可以分期，对么？\n我在苏宁/国美商场办理的分期可以提前还款么\n我在苏宁/国美商场办理的商场分期，退货了怎么处理。',0.5,'all','商场分期',0.5),('7b54971e-e592-45cf-b701-efb36210a0e2','你们的邮箱号是多少\n您是已经传过来了是吗\n你们的传真号是多少\n修改名字需要您传真资料\n我的传真你们收到了吗\n修改证件需要您传真资料\n我的邮件你们收到了吗\n修改婚姻状况需要传真资料\n我要更改姓名\n您是要办理第三方授权吗\n我要更改婚姻状况\n我们的传真号是\n我要更改证件\n我们的电子邮箱是\n我要办理第三方授权\n我更新人行征信\n我要办理第三方授权',0.5,'all','电邮传真变更信息',0.5),('7b75343a-7763-4d9b-84be-731ba762bd86','过两天出国旅游，能不能申请个额度使用\n我帮您看了下有海外额度可以使用\n你们银行有没有境外用卡给的额度\n您这边可以启用备用额度10000元\n我想申请个额度过两天出国使用\n您的海外额度已经启用\n能不能调整下外币的额度\n您的海外额度有3万元\n我在香港，能帮忙提升个临时额度么\n海外额度在所有境外地区含港澳台均可使用\n之前有开通了海外额度，有效期是到什么时间\n备用额度能用多久\n这个海外额度可以用多久\n海外额度能取出来么\n海外额度能在网上消费么',0.5,'all','专项额度',0.5),('7fc144bb-bff7-42d0-ad37-efa20b4b08dd','卡不知道放哪儿了\n是在家里放着吗\n我不知道卡现在是否安全\n卡片有在手吗\n手机丢了卡担心盗刷啊\n丢失的手机中有信用卡信息是吗\n有诈骗短信，我要冻结卡\n泄露卡片信息了吗\n有诈骗电话，我要冻结卡\n泄露个人信息了吗\n卡好像找不到了\n卡片现在安全吗\n密码刷错了\n连续输错密码\n密码被锁了\n密码连续错误超过限制了\n卡被冻结了\n需要解除止付\n卡被停了\n是卡片止付了\n密码输错好几遍\n连续输错会被止付\n我卡被关闭了\n是密码错误了\n短信说我卡不能用了\n短信通知您密码输错被止付了\n我要解除止付\n现在帮您解除\n我近期不想用卡\n你可以手机操作一键止付，有效期为30天\n我在手机上点到一键止付了\n现在为您关闭\n输了好几次密码卡都不能用了\n需要重新设置密码之后才可以使用\n我要解除止付，卡不在手\n卡不在手不能解除止付的\n卡止付了\n给您卡片临时止付您在找一下\n卡暂时找不到了\n现在给您卡先安全处理，您再确认下\n卡片好像在家里，我不放心\n需要验证卡片信息才可以解除的\n卡片好像是丢了，我想先找找\n解除止付之后就可以使用了\n信用卡不知道是不是丢了，现在没在身上\n卡不在身上要不就是在家里，要不就是丢了\n卡可能在公司，不然就是丢了\n卡可能丢了，不想挂失，可能会找到',0.5,'all','止付业务',0.5),('86bf2731-6c28-4b28-a8e2-7c989792eb84','你看一下我卡开了吗\n您要开卡是吗\n我想开个卡\n建议您可以语音激活\n我怎么一直开不了这个卡呢\n我给您发个开卡短信，您回复就可以了\n你帮我开个卡吧\n现在为您转语音\n为什么我的卡一直开通不了\n您的卡片已激活\n我办了张新卡，你帮我开开\n卡片激活需要系统手机来电\n短信可以开卡吗\n建议您使用登记的手机/接收短信的手机来电激活\n动卡空间怎么开卡\n主卡可以帮附属卡开卡\n刚刚语音提示我卡片激活了\n卡片在您手中吗\n我要激活附属卡\n您是主卡持卡人吗\n我卡拿到了帮我开卡\n您的申请方式是持卡确认，需要柜台确认激活\n我的卡为什么自己激活不了\n要到柜台激活\n就是来电号码，为什么一直开不了卡\n请您第一时间在卡片背面签名条上签上您本人的姓名\n你看我手机号码对不对，一直开卡收不到验证码\n请附属卡持卡人第一时间在卡片背面签名条上签上姓名\n短信回复了，卡激活了吗\n建议主卡人来电激活\n柜台可以开卡吗\n您的申请方式在柜台无法激活\n我的卡片不激活会不会产生年费\n卡片收到了，现在协助您开卡，马上就可以使用了\n不开卡会有费用吗\n升级白金卡后建议您激活新卡享受白金卡服务权益\n开卡后什么时候收年费\n升级换卡需要您重新激活设置密码才能使用\n附属卡不在我手里可以帮他激活吗\n新卡激活旧卡就作废了\n我在柜台为什开不了卡\n我帮您把白金卡激活\n我卡片升级了，需要重新开通吗\n现在结算期间，这边麻烦您通过短信开通卡片可以吗？\n我升级的白金卡可以用了吗\n您的意思是想要激活卡片使用是吗？\n你们卡怎么激活啊\n您现在要把卡片开通吗\n你们激活卡怎么这么复杂呢\n你们人工可以激活信用卡吗',0.5,'all','卡片激活',0.5),('918e2f1b-5b6b-48b3-8ea9-faaab95333b8','我的卡已经过期了，怎么还没有新卡寄过来\n我们已经给您邮寄了，您没收到么？那我们给您核实一下地址，重新邮寄一张\n我的卡片马上就要过期了，我也要出国了，您给我提前换卡吧。\n\n您的卡片是损坏了吗\n我的卡不能用了\n换卡要收15元换卡费，你是否考虑升级一下白金卡\n卡片都看不清图片了能换个卡片吗\n那我给您换一张卡\n我的卡怎么一直刷不了，是不是消磁了\n那我给您换一张新卡\n我卡被家里小孩不小心折断了 \n没关系，我可以为您补发一张新卡\n卡怎么回事，坏的用不了， 刷卡的时候总提示磁条坏了？\n请问卡片邮寄到您哪个地址\n我卡片磁条刮花了，帮我换个卡\n卡找不到，你帮我换张卡\n您的卡片是消磁了吗\n卡折了，帮我换一张\n换卡后卡号会变\n人家都是芯片卡，我还是磁条卡，不安全，你也给我换一张芯片卡吧\n\n好的，我现在为您重新换一张新卡\n洗衣服把卡给一起洗了，现在用不了了，怎么办\n你是卡片损坏了么？\n我的卡不小心折断了\n您收到新卡之后需要激活使用\n我卡断了，你帮我换一张吧！\n卡片是消磁了吗\n我卡折了，帮我处理一下\n新的卡号产生旧卡立即不能使用\n我的卡刷不出来了\n您的卡是做过临时止付了\n我的卡上的名字写错了\n那重新给您换卡\n我的不见了\n您卡片因为存在风险止付了，这边需要帮您重新邮寄一张卡\n我的卡怎么刷都不成功，是不是不能用了\n我的卡被洗衣机洗坏了\n您的卡片需要换卡才能使用\n我卡片到期了，怎么还没收到新卡？\n确实抱歉啦，卡片版本暂时无法更换，后期如有漂亮的卡片，我们也会自动帮您换的，但是您说的消磁，我们会尽快帮您更换新的\n换卡需要费用吗\n非常抱歉给你带来的不变，卡片经过特殊工艺制作，有的时候如遇到磨损可能会出现这种情况，您需要重新更换一张吗\n帮我换张新卡\n卡片在到期前一个月就给您邮寄了，您没有收到吗\n你们银行这张卡不怎么好看，我要换一张，而且还消磁了\n卡号都是随机的哦\n\n你们银行卡都掉漆了，卡号都看不清\n换卡后需要重新设置交易密码\n我的卡片到期了，你们什么时候给我换卡\n我不要带4的卡号，给我换一张\n是这样的，因为我行做卡也是有成本的，所以卡片在有效期内如遇消磁，换卡会有制卡工本费。\n我的卡片磁条磨损了，给我换一张\n可以换成芯片卡\n为什么换卡还要收费\n卡号都是随机产生，换卡还有工本费哦\n我的卡为什么没有芯片？/磁条卡不方便，能换成芯片的吗？\n好的，我和您确认一下地址给您重新邮寄一张\n我的卡用不了了\n卡号不好，我要换个新卡号\n我的卡好像消磁了，用不了了\n我的卡片消磁了，刷不了\n\n我的卡片寄过来的时候就坏了，断了\n\n收到新卡后要重新开卡设置密码\n我的卡片折了一个角，用不了了',0.5,'all','换卡业务',0.5),('91b80208-3197-4801-8d1a-e4d7f4331e31','你们发短信说有个圆梦金业务。\n您说的是圆梦金业务\n你们有个大额消费分期业务。\n您需在我行登记好分期起点金额和期数\n你们打电话说有个圆梦金业务。\n在指定商户消费成功后自动启用专享临时额度并分期\n我想办大额消费分期业务。\n每期将收取0.75%的分期手续费\n你们有个圆金梦业务？\n起始分期金额一共有500、1000、2000、5000、10000、20000元6个金额档\n你们有个梦想金业务？\n若您之后想要更改期数或者关闭登记，请在当天首次消费前致电客服办理。\n你们有什么大额消费分期业务么？\n圆梦金可分期金额可能会随着您的用卡情况发生变化\n我的手机公众号上显示有个圆梦金。\n若登记前当天的交易符合圆梦金分期条件，也会分期并使用永久额度\n我的微信上有个圆梦金。\n圆梦金业务不能用于房地产类、金融类、公立医院类、政府服务类、预授权、博彩等交易\n我的动卡空间上显示有个高额分期业务。\n若您之后想要更改期数或者关闭登记，请在当天首次消费前致电客服办理。\n\n你们给我发短信说的高额分期是什么？\n如您用Tsm Token（包括apple pay，华为pay等）支付进行消费，将不能使用分期专项临时额度\n你们0.75%一个月的那个分期业务是什么业务？\n圆梦金分期成功后原则上不享受最低还款额\n圆梦金可以提前还款么？\n推荐您办理500/1000/2000/5000/10000/20000起点。\n我收到短信说圆梦金分期专项额度。\n推荐您将圆梦金分期36/24/12/6/3期。\n我要办圆梦金。\n很多客户都是选择起始金额为500元。\n圆梦金业务是你们银行的么？\n你是需要用于信用卡刷卡用的那种大额分期么\n我登记圆梦金时提示一个20000起点是什么意思。\n达到起始金额就会使用这个额外的额度\n为什么登记圆梦金时要选择500/1000/2000那个金额的\n您今天有大于20000元的消费，登记后这笔交易也会办成圆梦金分期的。\n10万圆梦金分36期月供多少？\n手续费是固定的每个月0.75%。\n你们圆梦金费率好高呀。\n不论您分多少期，每个月费率是0.75%。\n圆梦金可以打折么\n圆梦金非常灵活，随刷随分\n为什么在动卡空间我的圆梦金登记不了。\n登记成功后所有满足条件的交易均会分期，若登记前当天的交易符合圆梦金分期条件，也会分期并使用永久额度\n圆梦金为什么把我的额度也分期了。\n请问您是否确认登记该业务？\n买房/买车/买家具可以使用圆梦金么?\n圆梦金可以分多笔交易使用。\n为什么圆梦金用完了还给我分期呢。\n网上消费可以用圆梦金么？',0.5,'all','圆梦金大额消费分期',0.5),('9d0cb2d6-4f1b-43af-903e-6174e406516a','我的账单日是几号\n修改后,会同时出现两笔分期\n我几号出账单\n免息期最短20天,最长50天\n我哪天是结算日期\n是每月X日\n我几号还款\n每月X日出账单，向后加19日是最后还款日期\n最长免息期怎么算 \n账单日后一天刷卡可享受最长免息期50天\n我最晚还款日是几号\n每月都是固定还款日期\n我要修改一下还款日期\n账单日前后不可移动超过8天，在1-20日期间选择\n出账日期是否可以修改一下\n你想几号还款\n怎么还款划算\n账单日后一天刷卡可享受最长免息期50天\n账单日期可以改到21日吗\n账单日只可在1-20日期间选择\n还款时间怎么这么短\n因为每月固定的账单日结算，建议在账单日后一天消费，免息时间会比较长\n为什么还款是下个月\n因为账单日向后加19天是最后还款日，故是月初还款\n我可以改为10号后还款\n不可以，账单日最晚是20日，建议向前修改账单日期\n我最后还款日怎么计算\n每月X日出账单，向后加19日是最后还款日期\n我每月必须在几日前还款\n不同卡片有不同的账单日期\n为什么别的银行有28号的账单日，就你们银行没有\nXX先生，每个银行安排的账单日范围可能不一样，我行暂时没有28号的账单日\n你们的账单日最晚有几号？\n一般最晚的账单日是20号，公务卡除外\n我账单日当天的消费算这个月账单吗？\n是的，您账单日当天的消费本期出账单，免息期最短\n账单日跟还款日之间只隔19天吗？不能再长一些吗？\n不好意思，目前我行的账单日往后顺延19天是最后还款日，公务卡及部分特殊卡如返利卡除外。\n返利卡的账单日跟还款日之间为何只有4天\n因为返利卡有返利的优惠，故免息期比较短\n你们公务卡的账单日是几号？\n中信银联公务卡设有固定账单日（每月15日）\n公务卡的免息期很长吗？\n公务卡账单日往后顺延25天是最后还款日\n公务卡的账单日能修改吗？\n公务卡账单日无法修改\n返利卡的免息期多久呀？\n返利卡免息期最长35天、最短5天\n我名下的附属卡可以修改账单日吗？\n不好意思，附属卡无法单独修改账单日，跟主卡账单日是一致的',0.5,'all','查询修改账单日',0.5),('9e186984-a5f7-4b0a-a037-594e1eb22a57','短信费用怎么那么高\n您可以开通我行的短信宝服务\n现在我刷卡消费都有短信了吧\n短信宝服务费是48元一年\n要是每笔消费都有短信通知就要办理是吧\n有失卡保障险可以给到您\n一年短信费要多少\n有彩信账单可以给到您\n这48元每年从我卡片里扣吗\n您刷卡消费每一笔都会有短信通知\n我这张卡能办理短信提醒吗\n短信宝服务费是36元一年\n我想要刷卡有短信通知我\n短信宝只对您这张扣费的卡片生效\n你们银行短信通知还要收费呀\n短信宝服务在到期前一日将自动续期\n我刷卡小额的就没有短信了是吧\n失卡保障险不包括电话交易和网上交易\n那你给我办理一个短信通知吧\n目前新增全国首创的含交易明细的彩信账单\n给我开通吧48块钱也不贵\nETC交易不提供消费短信通知\n这一个月要多少短信费呀\n次日上午10点后服务生效\n我今天的消费怎么没有短信\n您是否需要每笔消费都有短信通知\n有没有我卡片丢了能够给到保障的保险\n每笔消费都有短信通知可以实时关注卡片情况\n要是我卡丢了就能给赔吗\n我行特别推出了“短信宝”服务\n我消费多少钱有短信 \n您只需每天支付1毛3分钱即可享受0起点消费短信提醒\n我刚消费的怎么没短信提醒我啊\n暂只支持移动手机用户\n48元能不能每月扣4元啊\n那现在为您办理盗无忧特惠版产品，产品费用60元/年\n我要你们36元一年的短信提醒\n盗无忧产品可享受15天内无理由退货\n其他银行短信都不收费了\n可以享受高达10万元资金安全险\n不办理短信宝其他没有短信通知吗\n每年享受一次卡片挂失费减免\n开通短信宝我还款有通知吗\n在挂失或冻结前72小时内发生的\n为什么你们银行还收费\n个人账户（信用卡、借记卡、存折、第三方支付），统统在保\n第二年这48块钱会自己扣吗\n承保的保险公司是众安在线财产保险股份有限公司\n每年我都要交这个短信费是吧\n可通过众安在线的客服电话进行查询保单',0.5,'all','微产品',0.5),('a1d20a39-ee9c-49ce-b597-00f9cfac2638','你们证明怎么开具？\n您是否要开具什么证明？\n你们有无非恶意逾期证明吗？\n不好意思，我们银行无非恶意逾期证明\n帮我开张非恶意逾期证明\n抱歉，我们没有非恶意逾期证明\n有逾期要怎么贷款？\n建议您开具账户结清证明\n我要开证明\n请问您需要开具什么证明呢？\n我要贷款，但是有逾期怎么办？\n建议您可以开具账户结清证明\n我要买房，要怎么处理？\n如有逾期受到影响，建议开具结清证明\n现在我家人都等着我贷款买房呢，你说你们逾期怎么办？\n如因个人原因导致逾期无法更新，但建议开具结清证明\n我的账户逾期了，但是我要贷款怎么办？\n请别着急，建议开具结清证明\n帮我未出账单明细发过来\n如需发送未出账单明细，我可以开具证明给您\n把未出账单的具体使用情况发给我\n好的，是需要邮寄还是电邮？\n我要出国，你们帮我发一下盖你们公章的账单过来\n好的，没问题\n我要办业务，你们把账单明细盖个公章发给我吧\n好，稍等\n你们柜台可以办理盖公章的账单吗？\n您是需要开具证明吗？我们这边可以邮寄给您\n我要怎么证明我的卡已注销了？\n我们有信用卡销户通知函\n你们有注销卡片的证明吗？\n如果需要我们可以开具信用卡销户通知函\n你们有没有书面证明卡已注销的证明？\n有的先生\n你们能开财务费用发票吗？\n可以的\n我要办点业务，需要你们发盖公章的证明给我\n好的，请问需要开具什么证明呢？\n你能给我个纸质证明，证明我这张是白金卡吗？\n我们有白金卡持卡证明\n我卡片不欠款了，还多存了20，你们把证明发过来吧\n请问需要什么证明呢？\n我要贷款，银行说可以开那个结清证明\n之前有了解对吧？我现在为您办理\n我要借款，你们开个那个结清证明过来吧\n好的，马上为您办理\n你们的证明能发邮件吗？\n可以的，是什么证明？\n把证明发我邮箱\n好的，请问是什么证明呢？',0.5,'all','开具证明',0.5),('a58059e8-d614-497c-8bad-448a76a338a9','我多存的钱怎么办\n您的卡片有多存的金额建议你不要转出，先去消费\n我不想消费，你给我转出来\n现在帮您办理转出后面会有利息的\n我这期账单多还了，给我转回来\n你确定要转到储蓄卡吗\n我这期还款多还了，你们要还给我\n帮您办理金额转出，储蓄卡卡号是多少\n我还款了，你们又从储蓄卡扣钱了，给我转回储蓄卡\n你转出多余资金的储蓄卡卡号是\n帮我转个钱，你们同事让我找个储蓄卡，我找到了\n转出资金的储蓄卡是一类账户吗\n这张卡我不用了，帮我把钱转到储蓄卡\n请问这张储蓄卡是您本人姓名吗\n你最多能给我免多少\n多存金额是转到哪个银行的储蓄卡\n我可以去柜台把多存的钱取出来吗\n请问有没有我行储蓄卡\n多存的我可以在其他银行机子取出来吗\n您转出到本行储蓄卡，到账时间是3-5个工作日，您留意查收\n多存的我可以用网银转账吗\n请问储蓄卡开户之日起6个月内有交易记录吗\n你们重复扣我的钱了，怎么处理\n给您办理溢缴期间请您先不要用卡\n我要把我的钱拿出来\n您可以刷卡或者取现\n我多存的钱转出来还要手续费啊？\n溢缴转出的资金，转其他银行要收取手续费\n这个钱是我多存的，我不同意抵扣下期账单\n信用卡中的退款能否转出到借记卡中，要先看下账户情况来判断\n我的钱不想存到信用卡里面，怎么处理？\n先生/女士您这个月多次办理资金转出了，需要帮您反馈专职部门处理\n我退款了，多出的钱能转出来吗？\n这个外币是需要溢缴到本行卡的，需要您提供中信储蓄卡\n我不小心还错卡了\n你们能支持多大金额转出\n我外币退款能转出来吗\n每个月转出金额有限制吗\n我刚才储蓄卡卡号应该报错了，给我核对下\n帮我查一下转出来的这笔钱到哪里了\n这笔钱能快点到账吗，给我催一下\n你们到账时间怎么这么慢呀\n我自己的钱转出来还要收费吗\n我不同意这个收费，凭什么收取我的，是我自己的钱\n我可以把卡里多存的美元转出来吗\n我卡里如果转进来一笔钱，可以转出去的吗\n把卡片的钱转出去，怎么收费的\n这笔钱我急用，哪种方式能最快到账\n我多存的钱怎么在网银操作转出，可以的吗\n我用的是附属卡，可以办理多存金额转出吗',0.5,'all','溢缴款办理',0.5),('a65d79f8-51c5-4e96-9d04-2ff0b3a100f4','我现在有钱了，那个分期不想分了！\n你如果分期一次性还上的话，压力是很大的！\n你的分期简直就是无底洞，我可不分了！\n你当时办分期是有手续费优惠的，现在还款就不合适了！\n你们让我做分期的时候一定是忽悠我老婆了，我们现在不分了！\n当时给你办的时候也提示您了如果提前缴款需要支付未还本金的3%作为提前缴款的手续费！\n你们一直占用我额度，我都消费不了了，这个分期不做了！\n你账单分期提前还款了，您一次性交过的手续费也不会退还，不合适的！\n我要一次性还清，给我看下要还多少\n您是想把账户的分期取消改为一次性还完吗\n你们提前还款怎么收费的\n按照剩余未还本金的3%\n不想分了，手续费太高了\n您确认要办理提前还款吗\n帮我看下还剩几个月，取消的话要还多少钱\n那就暂时不为您办理提前还款，后期有需要的话您需要提前致电客服办理\n提前还款还收费啊\n提前还款的手续费时XX元\n提前还款手续费多少钱\n分期办理提前还款后就不能取消了\n这个分期我想提前还款了，怎么收费的\n那我就帮你操作了，后面您跟着账单还款就可以\n我这个分期看下分到几期了，我想还完了\n本次提前缴款需还款共X元\n我可以提前还吗\n现在为您办理分期提前缴款业务，您确认吗\n提前还款的金额你跟着账单还款就好了\n我就给您办理取消了\n您提前还款的本金是**,违约金是**，后期跟着账单还款即可。\n现在是周末，操作不了，明天我帮您提交订单取消号码\n现在我帮您提交到后台撤销订单，稍后有短信通知给您\n你是因为什么原因要取消分期的',0.5,'all','分期提前缴款',0.5),('ae1767e1-2a27-43fe-a06b-2d594d0c44e1','我可用不到你们那些高尔夫啊什么的服务，你给我取消\n您看第二年的年费是可以用积分兑换的，您可以考虑保留的\n给我这么点的额度，我升什么白金卡？\n您先别着急取消，我可以给您看看都哪些城市的五星级酒店能够享受到折扣优惠！\n我收到你们的白金卡了，怎么没开卡年费就扣了\n年费主要对应的是白金卡的服务，额度需要根据后期白金卡的使用情况来调整\n你们那个白金卡，年费扣了额度也没变，我要他有什么用啊\n您先别担心，如果不需要白金卡可以为您取消\n你赶紧给我取消白金卡，我不用\n我先给您介绍一下白金卡的服务您先看下适不适用，如果不适用可以为您取消\n当时办卡的时候你们也没说要年费啊，你可以去听录音\n建议您可以先体验一下白金卡的服务，如果次年还是不想要也可以再降级回金卡\n你们白金卡所有的权益我都用不到，给我取消白金卡\n卡片可以享受白金服务，汽车道路救援等，建议您再考虑一下\n我们就是普通老百姓，用不到白金卡\n确定不需要我就帮您退货了\n为什么你们给我升级的时候不说清楚\n这个很划算，退了就很可惜了\n你要是不给我取消我就投诉你们\n我帮您取消了，后面您需要再重新给我们打电话办理了\n我看了一下这些服务我确认都用不到，你还是给我取消吧\n白金卡给您取消了，年费会在3个工作日内退回到您的信用卡里面\n你们白金卡的这些服务，我看了，我用不上呀，年费还这么高\n您如果确实使用不到白金卡的服务，没有关系，我可以给您申请退回年费\n我定的那个酒店套餐的不想要了\n您看全运动的服务还是特别适合您这样的商务人士的，您需不需要考虑一下呢\n白金卡年费太贵了，我不要了\n白金卡的额度也会随着您的用卡情况不断调整的，毕竟是白金服务，您可以用着感受一下\n你们给我升级的时候说有利于办理分期，现在我交钱了也办不了，那我也不要白金卡了\n也不是所有的客户都符合办理条件的，您现在取消也是很可惜的\n什么贵宾登机，我也不天天坐飞机，要它干啥，你给我取消吧！\n您现在是2000元年费的尊贵卡，要不您考虑一下，给您降级为480元年费的精英卡吧\n你送我基因检测我也没有用啊，我别的银行有白金卡，你们银行还收费，我不要了\n我汽车又不总坏，我也不需要你们救援，白金卡还有年费，我不要\n积分我可以换礼品啊，45万积分我得刷多少卡啊，我不用，退了吧\n480元年费的还不能享受贵宾登机，我要它干什么，你取消了吧\n什尊贵不尊贵的，你们8000元额度的收2000元年费，我就尊贵了，你赶紧给我取消吧',0.5,'all','中间业务类取消',0.5),('b2be3bba-12b6-4528-8812-c767a2910fb3','我想查一下总欠款\n请问您是要查询总欠款么\n我一共欠了多少钱\n您的总欠款是\n加上分期我的总欠款是多少\n不包含未上账的手续费您的总欠款是\n我的账户还欠款么\n经查询，您卡片目前的欠款总金额为XXXX元，本月账单应还款XXXX元，最低还款额为XXXX元，外币欠款XXXX/无欠款，最后还款日在X月X日，你需要在最后还款日之前及时还款。\n\n我的欠款全部还清了么\n截止目前您的总欠款是\n我所有的欠款，包含分期是多少\n加上未上账的利息 一共欠款\n看下我现在欠多少钱啊\n你的总欠款已结清\n截止目前为止 我的总欠款是多少\n您目前账户已经结清\n我想把你们的卡注销掉，你帮我查一下总欠款。\n我看了下您目前没有欠款\n帮我看下加上分期我还欠多少钱\n你的总欠款仍需还款金额是\n看一下我还欠钱么\n您在还款XX 就可以全部还清了\n我用卡以来一共消费了多少，还款了多少？\n我帮您计算一下总欠款\n帮我算一下加上外币欠款一共欠多少钱\n包含外币一共欠款是\n一共就这么多是吧\n这个欠款中不包含未上账的手续费\n我要把信用卡销了，还差多少钱\n不包含未上账的利息一共有XX欠款\n我还清了没有，卡片不想用了',0.5,'all','总欠款查询',0.5),('ba7b2f87-4bbd-4773-9653-d3ba9ed193a6','我是不是还错卡了\n请问您需要查询本期账单对吗\n我是不是没还够？\n您是不是要查询欠款呢\n我的卡是不是逾期了？\n目前我行通过支付宝、财付通、盛付通的方式还款暂时没有短信通知哦，建议您可以绑定我行微信\n我不是还了吗？还收到你们提醒说要还款\n非常抱歉，目前我行暂时没有短信提示说账单已结清\n看一下我还欠多少\n我把账单发给您，您可以查看一下您的还款记录\n我卡片有欠款吗\n请您放心，您本期账单已结清了\n本期账单多少\n您确实还错卡片了，您不用担心，我帮您转到您要还款的卡片里面\n你看我的卡还欠不欠钱\n还款之后信用卡是可以使用的，请勿担心\n这个月我要还多少钱啊\n截至目前为止您的信用卡总欠款是***\n我什么时候还款\n您本期账单已还清，您收到的短信是可办分期的短信，无须理会。\n为什么没有短信提示要还款呢\n我把账单发给您，您可以查看一下您的还款记录\n你们的动卡空间查不到这个月还多少钱啊\n还款到账以后您会收到微信提醒的\n看下我刚刚还的钱到账了吗\n您可以通过微信公众号或动卡空间查询您的还款明细的\n为什么你们不会发送已还清短信\n为什么你行支付宝微信还款没有短信\n还款之后是不是就能用卡了呢\n我前两天已还款但是怎么还收到还款短信呢\n我这个月要还款多少呢\n我本期账单办理了分期，那我本期还需要还款多少呢\n我查询下现在我还有多少没还\n为什么当天还款后还自动扣款呢\n还款为什么没有短信\n有哪些查询还款的渠道么\n为什么还款之后我的额度还减少了\n为什么退款不能抵消我的账单\n我卡片欠款是多少\n我朋友帮我还的款，为什么还没有到账\n能看到是哪里还进来的吗\n我没有还款啊\n我怎么要还这么多\n\n帮我看看这个月我总共还了多少钱\n为什么我还了款还提示我要还款\n我的还款到账了吗\n从分期开始到现在我还了多少钱\n这个月我总共还了多少钱\n帮我看看这个月我总共还了多少钱',0.5,'all','还款查询',0.5),('c2c41a94-08b2-40a1-9875-7cb8194a32be','帮我查询一下征信\n我看到您的征信没有问题\n为什么我看到我有逾期记录？\n先生，查询到您之前有逾期记录\n看看我征信是否有问题\n不用担心先生，您的征信没有问题\n看看我征信是否有逾期？\n请问先生您是哪里查询到有逾期记录的呢？\n我帮我看看近期有无不良记录\n请不用担心，没有的\n怎么回事啊？为什么我贷款时说你们银行的征信有问题\n先别着急先生，有无提示什么时候逾期过呢？\n你快给我更新征信\n抱歉，征信记录是参考客户的账户情况进行记录的\n你知不知道这个征信对我有多重要？\n抱歉先生，但因个人原因导致的逾期我们暂时无法更新\n你给我看一下征信到底怎么回事？\n好的，马上为您查询\n我征信逾期你们银行没有责任吗？\n我能理解您的心情\n征信对我很重要，请你们一定要帮我更新\n抱歉先生，但因个人原因导致的逾期我们暂时无法更新\n帮我查一下什么时候逾期的\n好的，马上为您查询\n我贷款才知道我有逾期记录，你们到底怎么回事啊？\n请先别着急，我马上为您查询\n你们的征信记录是怎么算的？\n如本期账单到下期出账单后仍未还款将影响征信\n我征信有影响吗？\n马上为您核实\n会影响我征信吗？\n如果每个月您都按时还款是不会有影响的\n什么时候还款不影响征信?\n如本期账单未还款，等下期出账单后仍未还款将影响征信\n办理分期会上征信吗？\n办理分期不会再次查询您的征信\n你们能查询到所有的征信吗？\n我们只能查询到您在我行的征信记录\n我晚几天还款会影响我的征信吗？\n我行有宽限期，最后还款日往后顺延三天都不会有问题的\n我要还多少才不会影响我的征信？\n每期账单还够最低还款额都不会影响征信\n我已经还了最低了，你看看会影响征信吗？\n不会的\n我每个月都按时还款，怎么会有逾期呢？\n我帮您查询一下\n你可以看看我其他银行都是按时还款的，怎么在你们银行就有征信不良？\n先别着急，我核实一下\n为什么我查询征信时显示你们银行有逾期记录？\n显示大概什么时候逾期呢？我查询一下',0.5,'all','征信记录',0.5),('ca769ffd-9169-46af-83ea-68e98512199e','给我查一下地址 \n好的。马上查询\n给我查一下单位地址 \n是您的单位地址\n给我查一下家里地址\n是您的家庭住址\n给我查一下住宅地址\n是您的住宅地址\n给我看一下我的地址是哪里\n您的住宅地址是***\n给我看一下我的接收地址\n您接收的地址是***\n给我看一下我的邮箱是对少\n您的邮箱是***\n给我看一下诶的收件地址\n您的收件地址是您的单位地址\n给我看一下我的邮寄地址\n您的邮寄地址需要您报读\n给我看一下我的工作地址\n好的，麻烦您报给我，我跟您核对\n给我看一下是不是邮寄到家里\n邮寄地址需要您报读一下哦\n给我看一下是不是邮寄到单位\n咱们无法提供地址给您哦！需要您提供一下\n给我看一下是不是邮寄**市\n系统显示不是**时的地址\n给我看一下是不是邮寄到我老家\n对，是**市的地址\n给我看一下是不是邮寄到**小区\n具体地址需要您报读哦 \n我的邮件登记的那个\n您的\n我账单发到哪里\n我要怎么查询我的地址\n我要怎么查询我的手机号码\n我的邮箱是不是***\n我的手机号码是不是**\n我登记的手机号码是那个\n我来电号码是不是预留使劲号码\n我打电话来的号码就是预留手机号码吧\n我联系人登记的是哪啦谁\n我的单位地址是哪里\n我联系人的 电话号码是对少\n我的住宅电话是\n我的Email地址是\n我的直系亲属资料是\n我的婚姻状态是\n我的发证机关是\n我的证件有效期是\n我的英文名是\n我的证件类型是\n我的证件号码是\n我的年薪是\n我的邮区号码是',0.5,'all','查询个人资料',0.5),('cb4702e2-5c81-43e3-9d90-2502c54be3e2','卡片很久没收到\n好的，马上给你做安全处理\n卡片邮寄查询快递显示没有任何物流信息\n好的，你的卡很久没用的话，这边重新给您安排邮寄\n这个卡到期我就不想你们再邮寄了\n你的卡片后期若想用，再致电补卡即可\n卡片到期我就不想再用了\n您的卡到期就不会续期邮寄了\n这个卡已经邮寄很长时间了\n现在卡可以使用，到期此卡无法使用，也不会给您寄送了\n卡马上到期不用寄卡\n跟您修改地址，重新安排邮寄\n手上有多张卡，这卡到期别给我寄了\n你的地址已经变更了是吗？\n卡片申请通过，为什么还没收到卡\n若原来地址收不到，我们重新免费邮寄卡片\n你们把我的卡邮到哪里去了\n若后期有用卡需求，可再致电修改即可\n我的卡寄出来但是地址变了\n没关系，没收到这边已经做安全处理了\n我原来地址收不到卡，到现在都没有收到卡\n不用担心，已经安全处理，那张卡已无效\n申请的信用卡想邮寄到家里地址，单位收不到\n不用担心，这边不会再给您安排邮寄，后期需要您再致电补卡\n你们卡收费太乱，这卡到期我就不想再寄了\n地址就给您改成单位了，这边马上给您安排邮寄\n收到短信说要续期换卡，我不想邮寄了\n查询您这卡已经邮寄很久，若未收到，我这边做安全处理，重新安排邮寄\n卡片显示被签收，但是我没有收到\n确认地址更改的话，这边为您办理安全处理，重新安排寄卡\n查询邮寄单号，卡片被退回了\n没事，地址若收不到，我们做安全处理后为您重新邮寄新卡\n投递员通知取卡，但是我已经换地址了\n若已查询单号显示被签收，您未收到的话，不用担心，我这边为您安全处理，重新寄卡\n您帮我看看我的卡邮寄到哪里了？\n你帮我看看卡被收了，我到现在都没收到\n确认为收到的话，那这边就修改地址，给您做安全处理，安排邮寄\n你们快递把我的卡放在单位，我现在都没有收到\n没关系，若不要求续期换卡，那我这边就将卡做处理，后期您若有问题，再致电\n把卡邮寄到我单位，家里没有人收不到，重新给我安排\n若为您把你不续期换卡，那此卡后期不能使用，您名下就没有可用卡片了\n这卡我现在也不用了，你们不用浪费资源，再给我寄卡了\n你是不想续期换卡是吗？\n卡面太丑，也快到到期，别再浪费寄卡了\n您的意思是卡片地址变更，收不到了是吗？\n别给我续期换卡，到期我也不用了\n您确认已经查询快递被签收了，本人未收到是吗？',0.5,'all','上载标志',0.5),('e0615b7f-7acf-46eb-bcfc-52ea4a18b9e1','给我改一下单位地址 \n好的，马上为您修改\n给我改一下家里地址\n请问需要将您的通讯地址改为单位吗\n给我改一下住宅地址\n请问需要将您的通讯地址改为家庭地址吗\n给我改一下我的地址是哪里\n请问是什么类型的邮箱呢\n给我改一下我的接收地址\n再跟您确认一下您报的地址\n给我改一下我的邮箱是对少\n请问您的联系人要修改的姓名是？\n给我改一下的我收件地址\n请问您新的地址是？\n给我改一下我的邮寄地址\n请问您新的手机号码要改为那个号码呢？\n给我改一下我的工作地址\n麻烦您报读一下您的邮箱\n给我改一下手机号码\n麻烦您报读一下您新的地址\n给我改一下住宅电话\n麻烦您提供一下您最新的资料\n给我改一下Email地址资料\n好的，您的资料已修改成功，稍后会有短信通知您的\n给我改一下直系亲属资料\n好的，感谢配合，已经修改成功了\n给我改一下婚姻状态资料\n已经修改成功，稍后留意一下短信通知\n给我改一下发证机关资料\n已经改好了\n给我改一下证件有效期资料\n给我改一下英文名资料\n给我改一下证件类型资料\n给我改一下证件号码资料\n给我改一下登记的联系人资料\n原来登记的**改成**\n我换个新的地址\n修改寄卡地址\n修改地址\n已经改过来了\n我换了新的工作单位\n我换了新的手机号码\n我换了新的电话\n我换了新的邮箱\n我要换个单位电话\n我要换个职务\n我换把军官证改为身份证\n我要修改一下婚姻状况\n我是已婚，为什么登记的是未婚\n我要改一下资料\n我要改一下我的个人信息',0.5,'all','修改个人资料',0.5),('e9c00304-cb5d-4c53-a4b9-ebf2dcf3aff1','这个费用怎么这么贵\n这个费用是正常收取的，你需要我怎么帮您呢\n你们收费这个高，能减一点吗\n你需要这个费用我们怎么做\n我不同意这么高的费用，你们要帮我处理下\n违约金您希望帮您减免多少呢\n这个费用很不合理，不能这么收我的\n利息计算规则是这样子的，每个客户都一样，正常收取，不会减免\n费用也太高了吧\n这次最多帮您减免**元\n怎么说你也不能收我这么多\n您需要我们银行怎么处理这个费用才能帮到您\n你看下这个费用能给我免了不\n帮您减免其中的100元您看怎么样\n我不会还这么多的费用\n在我权限内现在只能帮您减免100元\n你最多能给我免多少\n您需要减免更高的金额，我需要和领导说一声\n你们就是想收我的利息\n我也很想帮您，需要我给您怎么减免呢\n这么多利息你们不通知我就收了\n利息减免要跟领导申请的，我没办法承诺你啊\n你们银行那么黑\n分期提前终止的违约金正常是需要您自行承担，无法减免的\n你们就是高利贷\n费用减免预计在3-5个工作日内才会到账\n你们怎么收费的\n费用减免仅此一次\n你们收费标准有经过国家认可的吗\n这次的利息，您和我们银行各自承担一半可以么？\n我达到消费次数了，帮我减免年费\n查询到你已经刷满5次了，年费我会帮你安排冲减的\n我不会支付这个利息的\n这个费用会在3个工作日内退回\n利息这么高，我不还款了\n年费我给你操作退回了\n利息这么高，你不好好处理，我就投诉你们\n我会按照和您沟通的，给您减免这期账单利息。\n找你们最高级的领导给我回话，怎么处理这个事情\n这个利息您出了账单后给我们带打电话申请减免\n我不查账单，你们就收了我这个钱了\n我给你登记好了，系统计算后会给你退回的\n你们凭什么收我这么多的利息？\n这么多利息，我不可能全部都承担的？\n这些费用，你们银行就不能承担一部分吗？\n每次让你们减免点儿费用都这么麻烦啊\n每次减免费用都要给你们打电话，你们还不给我处理\n怎么处理我这个费用\n减免的太少了\n才这么点，你们当我是什么',0.5,'all','费用减免',0.5),('f51fe464-35c8-4e2a-8eaf-90110fded781','提升额度\n好的，为您申请\n上调1万\n您是想提升固定额度还是临时额度\n再加1万\n您是用于哪方面消费\n你们的额度太少了\n您的用途是\n你们的额度怎么那么低\n你是想调整额度对吗？\n你再不给我调额，我就销卡\n是想要降低额度到多少？\n你赶紧给我看看我的额度能不能涨\n当前您的临时额度最高可调整至\n你们的额度还不够买菜的\n当前您的固定额度最高可调整至\n我用了这么久你们都不调额\n你的额度可以调额500元\n你们的卡用多久都不调额吗？\n您是想提升固定额度吗？\n我招商银行都1万了，你们这卡才5000\n您是想临时固定额度吗？\n要我怎么用才能提额\n您要恢复额度吗？\n你给我升卡\n您要保持良好的用卡还款\n我好想再刷1万\n您要多元化消费\n为什么你们银行调额那么慢\n平时商场超市百货多用一些\n临时给我调一下\n对于调额是非常有帮助的哦\n我就用几天额度\n您只能调整1000元额度\n我要长期调额\n最高不超过当前额度的1倍\n就你们银行调额最慢\n你的额度可以调额1000元\n能不能调整永久额度\n你的额度可以调额2000元\n能不能调整临时额度\n你的额度可以调额3000元\n你们银行的额度是怎么调整的\n你的额度可以调额4000元\n我就是觉得你们的额度太低了\n你的额度可以调额5000元\n有你们这么低的卡吗\n你们这份额度能不能提升\n我现在是不是不能调整额度\n你们是怎么调额的？',0.5,'all','额度调整',0.5),('f7b8f5c3-908a-4176-80a3-112e3cc4e22c','我家孩子要出国能不能给他办一张附属卡啊\n非常抱歉，现在在线不不支持办理附属卡\n能不能在我卡下面给我家人办一张卡\n您这张卡片是有附属卡级别的\n你们是不是有个附属卡活动\n您可以在动卡空间上申请附属卡\n我孩子比较小，我能给我孩子办张卡吗\n是否能够参与附属卡的活动以申请页面为主\n有没有家人用卡，我去还款的卡啊\n办理附属卡需要你自行申请\n我听说给家人办附属卡有礼物送是吗\n附属卡持卡人必须是您的直系亲属哦\n我这张卡能不能办附属卡\n参与活动附属卡必须是新客户哦\n去你们银行能办附属卡吗\n附属卡申请年龄需要16—65周岁之间\n我申请附属卡能不能办下来呀\n您这张卡片没有附属卡级别\n我申请这个附属卡有没有年费啊\n你可以申请其他有附属卡的卡片\n你们这个附属卡申请下来有没有礼物\n可以去我行柜台尝试申请附属卡\n申请附属卡有什么好处\n附属卡是否能够申请成功要以审核为准\n我这个卡的附属卡是什么样子的\n申请成功会直接邮寄到您附属卡预留地址的\n你们不能给我直接办张附属卡吗\n申请附属卡可以参与我行推出的附属卡活动哦\n这个附属卡申请好了怎么给我\n在附属卡申请页面输入您家人的相关信息提交就可以申请啦',0.5,'all','附属卡营销',0.5),('faea51d2-11b9-43a1-b5bd-4ea66383409b','把我账单分一下吧！\n您是要求办理分期吗？\n我账单可以分期吗？\n你的分期金额为****元。\n我这期可以分一下期吗？\n这边查询到您目前可办的分期金额为****元\n我都多少钱可以分期啊？\n您这个月是可以分期的\n我的账单可以分成一个月一个月还吗？\n你本期可以正常办理分期的\n你把我本期的账单分一下还吧！\n你需要分期办理多少期呢？\n我可以办理账单分期吗？\n您分期想要哪个期数，我可以给您介绍费率\n自助渠道没有我想要的账单期数，你帮我办一下吧！\n我行的分期期数有很多种的，你要哪个，我为您介绍一下？\n我这期账单可以分多少期啊？\n你想办理多少期分期？\n我账单可以全部分期吗？\n我这边查看到您本期可以正常办理分期，你想办理多少金额？\n具体可以办的分期金额时多少啊\n您分期正好是有优惠的，你需要办理嘛？\n我办理分期有什么渠道啊?\n过了最后还款日就不能办理了哦！\n我电话服务密码异常，一直不能办理分期的原因是什么啊？\n您现在确实是符合办理账单分期的。\n这个账单分期是怎么办理的啊？\n您账单确实可以办理50000元的分期，您需要办理嘛？\n我账单怎么分期啊？\n分期一般只能办理账单金额的90%，剩余的金额仍需要您自己还款的\n我收到一个短信什么可以分期什么的是什么意思啊？\n您这期账单办理成功后，仍需还款8000元\n你帮我查一下，我收到了一条可以分期短信，这是真的吗？\n您账单是可以分期的，您想办理多少期数啊？\n我想问一下你们的账单可以分开还款吗？\n现在账单分期您正好有优惠折扣，您需要办理吗？\n我这个月资金有点紧张，这个月账单可以分期吗？\n这个账单分期已经是很优惠的了，您现在想要办理这个分期吗？\n我听朋友说咱们银行可以分期还款，我可以吗？\n其他客户为了压力小点，一般都是办理账单分期36期的呢？\n网站显示我可以办理，但是我不会办理，你可以帮我办理吗？\n我现在看到您的账单分期已经是最优惠的了\n我现在就要办分期，你们网站一直登不进，你帮我办吧！\n分期是可以办理的\n我这分期可以怎么分啊？\n您现在要办理分期吗？\n你就看一下我要办36期账单分期费率是多少吧!\n这个分期提前缴款没有提前缴款违约金的\n我现在还可以办账单分期吗？\n您说的是账单分期吗？还是单笔分期啊？',0.5,'all','账单单笔分期',0.5),('fb3b482f-f8df-49d0-9d2c-637b220b6d97','我的卡被盗刷了\n这个不是您自己的消费是吗？\n我卡在身上，没有消费，但为什么收到信息显示有刷卡\n您是通过什么方式了解到卡片被消费的？\n我没收到卡，但为什么要我还款？\n您有报案吗？\n我的卡在我朋友手里\n有人冒充您办理信用卡？\n我的卡借给朋友在用\n卡片不能借给他人使用哦！\n我没有来过电话啊\n不是您本人来的电话是吗？\n我的信息泄露了\n您的信息已经泄露\n我被诈骗了\n您的声音听起来不太像呢\n我接到诈骗电话了，快把我卡冻结\n您被诈骗了',0.5,'all','疑似欺诈处理',0.5);
/*!40000 ALTER TABLE `topic` ENABLE KEYS */;
UNLOCK TABLES;
/*!40103 SET TIME_ZONE=@OLD_TIME_ZONE */;

/*!40101 SET SQL_MODE=@OLD_SQL_MODE */;
/*!40014 SET FOREIGN_KEY_CHECKS=@OLD_FOREIGN_KEY_CHECKS */;
/*!40014 SET UNIQUE_CHECKS=@OLD_UNIQUE_CHECKS */;
/*!40101 SET CHARACTER_SET_CLIENT=@OLD_CHARACTER_SET_CLIENT */;
/*!40101 SET CHARACTER_SET_RESULTS=@OLD_CHARACTER_SET_RESULTS */;
/*!40101 SET COLLATION_CONNECTION=@OLD_COLLATION_CONNECTION */;
/*!40111 SET SQL_NOTES=@OLD_SQL_NOTES */;

-- Dump completed on 2018-08-20  5:03:26
