,0,1
0,10,2.252762968495368
1,1000,2.252762968495368
2,15,2.252762968495368
3,15000,2.252762968495368
4,20,2.252762968495368
5,2000,2.252762968495368
6,24,2.252762968495368
7,30,2.252762968495368
8,315,2.252762968495368
9,app,2.252762968495368
10,get,2.252762968495368
11,ie8,2.252762968495368
12,ivr,2.252762968495368
13,xx,1.8472978603872037
14,xxx,1.5596157879354227
15,一万,2.252762968495368
16,一万多,2.252762968495368
17,一下,1.0
18,一个,1.0
19,一个多,2.252762968495368
20,一些,1.5596157879354227
21,一会,2.252762968495368
22,一会儿,2.252762968495368
23,一位,1.8472978603872037
24,一再,2.252762968495368
25,一千,2.252762968495368
26,一变,2.252762968495368
27,一句,2.252762968495368
28,一声,1.8472978603872037
29,一定,1.1541506798272583
30,一封,2.252762968495368
31,一张,2.252762968495368
32,一旦,2.252762968495368
33,一期,2.252762968495368
34,一条,2.252762968495368
35,一条线,2.252762968495368
36,一样,1.0
37,一次,1.1541506798272583
38,一次性,2.252762968495368
39,一点,1.5596157879354227
40,一直,1.1541506798272583
41,一种,2.252762968495368
42,一群,2.252762968495368
43,一致,2.252762968495368
44,一起,2.252762968495368
45,一遍,1.1541506798272583
46,一部分,2.252762968495368
47,一阵,2.252762968495368
48,万一,2.252762968495368
49,万分,2.252762968495368
50,万多,2.252762968495368
51,万能,2.252762968495368
52,三字经,2.252762968495368
53,三遍,1.8472978603872037
54,上个月,2.252762968495368
55,上位,2.252762968495368
56,上升,2.252762968495368
57,上午,1.8472978603872037
58,上天,2.252762968495368
59,上岗,1.5596157879354227
60,上查,2.252762968495368
61,上次,1.336472236621213
62,上海,2.252762968495368
63,上班,1.8472978603872037
64,上级,1.8472978603872037
65,上网,2.252762968495368
66,上账,2.252762968495368
67,上边,2.252762968495368
68,上面,1.5596157879354227
69,下个月,2.252762968495368
70,下午,2.252762968495368
71,下去,1.5596157879354227
72,下官,2.252762968495368
73,下小信,2.252762968495368
74,下期,2.252762968495368
75,下来,1.8472978603872037
76,下次,1.8472978603872037
77,下班,1.8472978603872037
78,下降,2.252762968495368
79,下雨,2.252762968495368
80,不了,1.1541506798272583
81,不会,1.336472236621213
82,不停,2.252762968495368
83,不到,1.5596157879354227
84,不办,2.252762968495368
85,不去,2.252762968495368
86,不可,2.252762968495368
87,不合理,1.8472978603872037
88,不同,1.8472978603872037
89,不够,1.5596157879354227
90,不太,1.8472978603872037
91,不太好,2.252762968495368
92,不太清,2.252762968495368
93,不好,1.336472236621213
94,不好意思,1.5596157879354227
95,不差,2.252762968495368
96,不归,1.8472978603872037
97,不待会,2.252762968495368
98,不必要,2.252762968495368
99,不怎么,2.252762968495368
100,不想,1.1541506798272583
101,不早了,2.252762968495368
102,不是,1.1541506798272583
103,不是故意,2.252762968495368
104,不来,2.252762968495368
105,不来电,2.252762968495368
106,不熟,2.252762968495368
107,不爽,2.252762968495368
108,不用,1.336472236621213
109,不用说,2.252762968495368
110,不相干,2.252762968495368
111,不看,2.252762968495368
112,不算,2.252762968495368
113,不管,1.5596157879354227
114,不管是谁,2.252762968495368
115,不累,2.252762968495368
116,不耐烦,1.8472978603872037
117,不能,1.1541506798272583
118,不能不,2.252762968495368
119,不能不要,1.8472978603872037
120,不行,1.336472236621213
121,不要,1.336472236621213
122,不让,1.8472978603872037
123,不负责任,2.252762968495368
124,不起,2.252762968495368
125,不足,2.252762968495368
126,不通,2.252762968495368
127,不错,2.252762968495368
128,不问,1.8472978603872037
129,专业,1.1541506798272583
130,专业培训,2.252762968495368
131,专业性,2.252762968495368
132,专线,1.8472978603872037
133,专职,2.252762968495368
134,专职人员,2.252762968495368
135,专门,2.252762968495368
136,业务,1.0
137,业务人员,1.8472978603872037
138,业务流程,2.252762968495368
139,东扯,2.252762968495368
140,东西,1.336472236621213
141,两万,2.252762968495368
142,两万多,2.252762968495368
143,两个,2.252762968495368
144,两分钟,2.252762968495368
145,两天,2.252762968495368
146,两年,2.252762968495368
147,两张,2.252762968495368
148,两次,2.252762968495368
149,严重,1.8472978603872037
150,个人,1.0
151,个人账户,2.252762968495368
152,个数,2.252762968495368
153,中信,1.336472236621213
154,中信银行,1.336472236621213
155,中国,1.8472978603872037
156,中心,1.5596157879354227
157,中文,2.252762968495368
158,中级职称,2.252762968495368
159,临时,2.252762968495368
160,为了,1.8472978603872037
161,为什么,1.1541506798272583
162,为何,2.252762968495368
163,为准,2.252762968495368
164,为啥,1.8472978603872037
165,为您服务,2.252762968495368
166,为难,2.252762968495368
167,主动,2.252762968495368
168,主管,1.336472236621213
169,主要,1.336472236621213
170,久能,2.252762968495368
171,义务,1.8472978603872037
172,之内,2.252762968495368
173,之前,1.1541506798272583
174,之后,1.5596157879354227
175,乐意,2.252762968495368
176,九点,2.252762968495368
177,也好,2.252762968495368
178,也销,2.252762968495368
179,习惯,2.252762968495368
180,乱七八糟,1.5596157879354227
181,乱加,2.252762968495368
182,乱扣,1.8472978603872037
183,乱收费,2.252762968495368
184,乱说,2.252762968495368
185,了解,1.5596157879354227
186,争辩,1.8472978603872037
187,事儿,1.5596157879354227
188,事情,1.336472236621213
189,二十多分钟,2.252762968495368
190,云里雾里,2.252762968495368
191,五千,2.252762968495368
192,五星,2.252762968495368
193,交学费,2.252762968495368
194,交易,1.5596157879354227
195,交易平台,2.252762968495368
196,交流,1.8472978603872037
197,交通银行,2.252762968495368
198,产生,2.252762968495368
199,享受,2.252762968495368
200,亲人,2.252762968495368
201,人之常情,2.252762968495368
202,人去,2.252762968495368
203,人员,1.8472978603872037
204,人家,1.8472978603872037
205,人工,1.8472978603872037
206,人帮,2.252762968495368
207,人性化,2.252762968495368
208,人数,2.252762968495368
209,人来,2.252762968495368
210,人能,2.252762968495368
211,人行,2.252762968495368
212,人话,1.5596157879354227
213,什么,1.0
214,今天,1.5596157879354227
215,今天上午,2.252762968495368
216,今晚,2.252762968495368
217,介绍,2.252762968495368
218,从官,2.252762968495368
219,从来,1.8472978603872037
220,仔细,1.8472978603872037
221,仔细听,2.252762968495368
222,他们,1.336472236621213
223,他妈的,2.252762968495368
224,代表,2.252762968495368
225,以上,2.252762968495368
226,以为,1.336472236621213
227,以前,1.8472978603872037
228,以后,1.336472236621213
229,以来,1.5596157879354227
230,任何,1.336472236621213
231,休假,2.252762968495368
232,休息,1.5596157879354227
233,优先,2.252762968495368
234,优势,2.252762968495368
235,优秀,2.252762968495368
236,会长,2.252762968495368
237,传真,2.252762968495368
238,伴随,2.252762968495368
239,但是,1.1541506798272583
240,位置,2.252762968495368
241,低下,2.252762968495368
242,体会,2.252762968495368
243,体育老师,2.252762968495368
244,何必,2.252762968495368
245,何时,2.252762968495368
246,作废,2.252762968495368
247,作用,2.252762968495368
248,你们,1.0
249,你们好,2.252762968495368
250,你别,2.252762968495368
251,你好,2.252762968495368
252,你家,1.5596157879354227
253,你整,2.252762968495368
254,使用,1.5596157879354227
255,供应商,1.5596157879354227
256,保不住,2.252762968495368
257,保密,2.252762968495368
258,保持,2.252762968495368
259,保持良好,2.252762968495368
260,保暖,2.252762968495368
261,保证,2.252762968495368
262,保险,2.252762968495368
263,保险公司,2.252762968495368
264,信任,1.8472978603872037
265,信号,1.8472978603872037
266,信心,2.252762968495368
267,信息,1.5596157879354227
268,信用,1.8472978603872037
269,信用卡,1.1541506798272583
270,修改,1.8472978603872037
271,借款,2.252762968495368
272,借贷,1.8472978603872037
273,值班,2.252762968495368
274,偏低,2.252762968495368
275,做事,2.252762968495368
276,做到,2.252762968495368
277,做好,2.252762968495368
278,做客,1.8472978603872037
279,做法,2.252762968495368
280,停下,2.252762968495368
281,停停,2.252762968495368
282,停止,2.252762968495368
283,停用,2.252762968495368
284,储蓄,2.252762968495368
285,储蓄卡,1.5596157879354227
286,傻子,2.252762968495368
287,允许,2.252762968495368
288,先别,2.252762968495368
289,先到,2.252762968495368
290,先得,2.252762968495368
291,先生,1.5596157879354227
292,先问,2.252762968495368
293,兑换,1.8472978603872037
294,入账,2.252762968495368
295,全部,2.252762968495368
296,公众,2.252762968495368
297,公司,1.5596157879354227
298,公布,2.252762968495368
299,公平,2.252762968495368
300,公示,2.252762968495368
301,六个,2.252762968495368
302,六点,2.252762968495368
303,关于,2.252762968495368
304,关心,2.252762968495368
305,关注,2.252762968495368
306,关系,1.336472236621213
307,关联,2.252762968495368
308,其他,1.0
309,其他人,1.1541506798272583
310,其它,2.252762968495368
311,具体,1.5596157879354227
312,内容,1.5596157879354227
313,内部,2.252762968495368
314,再大,2.252762968495368
315,再大点,2.252762968495368
316,再慢,2.252762968495368
317,再来,2.252762968495368
318,再来点,2.252762968495368
319,再次,1.5596157879354227
320,再试,2.252762968495368
321,再说,1.5596157879354227
322,再重,2.252762968495368
323,写明,2.252762968495368
324,决定,1.5596157879354227
325,冷静,2.252762968495368
326,准时,2.252762968495368
327,准确,2.252762968495368
328,减免,1.5596157879354227
329,几个,2.252762968495368
330,几十,2.252762968495368
331,几号,2.252762968495368
332,几天,2.252762968495368
333,几家,2.252762968495368
334,几月份,2.252762968495368
335,几次,1.336472236621213
336,几级,2.252762968495368
337,几遍,1.5596157879354227
338,出个,2.252762968495368
339,出去,2.252762968495368
340,出来,1.336472236621213
341,出现,2.252762968495368
342,出错,2.252762968495368
343,出门,1.8472978603872037
344,出面,2.252762968495368
345,刁难,2.252762968495368
346,分享,2.252762968495368
347,分向,2.252762968495368
348,分开,1.8472978603872037
349,分期,1.336472236621213
350,分行,1.5596157879354227
351,分钟,2.252762968495368
352,刚刚,1.1541506798272583
353,刚才,1.1541506798272583
354,刚来,1.8472978603872037
355,创业,2.252762968495368
356,利息,1.5596157879354227
357,别东,2.252762968495368
358,别人,1.5596157879354227
359,别找我,2.252762968495368
360,别接,2.252762968495368
361,别搞,2.252762968495368
362,别来,2.252762968495368
363,别用,2.252762968495368
364,别的,1.1541506798272583
365,别着急,1.8472978603872037
366,别说,1.5596157879354227
367,别跟我,1.8472978603872037
368,到位,1.8472978603872037
369,到底,1.336472236621213
370,到时候,1.5596157879354227
371,制度,2.252762968495368
372,前刷够,2.252762968495368
373,前天,2.252762968495368
374,前面,2.252762968495368
375,剔除,2.252762968495368
376,剩下,2.252762968495368
377,剩余,2.252762968495368
378,副作用,2.252762968495368
379,力有,2.252762968495368
380,办不办,2.252762968495368
381,办事,2.252762968495368
382,办事效率,2.252762968495368
383,办公时间,2.252762968495368
384,办卡,1.8472978603872037
385,办完,2.252762968495368
386,办法,1.1541506798272583
387,办理,1.1541506798272583
388,办过,2.252762968495368
389,办预,2.252762968495368
390,加分,2.252762968495368
391,加急,1.5596157879354227
392,加收,2.252762968495368
393,加班,1.8472978603872037
394,加薪,2.252762968495368
395,动卡,1.8472978603872037
396,包含,2.252762968495368
397,匹配,2.252762968495368
398,区别,2.252762968495368
399,十几分钟,1.8472978603872037
400,十几天,1.8472978603872037
401,十几年,2.252762968495368
402,十分,1.8472978603872037
403,十分钟,2.252762968495368
404,十天,2.252762968495368
405,升级,1.8472978603872037
406,半个,2.252762968495368
407,半天,1.8472978603872037
408,半年,2.252762968495368
409,协会,2.252762968495368
410,协助,1.8472978603872037
411,协商,1.8472978603872037
412,单位,2.252762968495368
413,单号,2.252762968495368
414,南方人,2.252762968495368
415,卡上,2.252762968495368
416,卡住,2.252762968495368
417,卡号,2.252762968495368
418,卡片,1.5596157879354227
419,卡费,2.252762968495368
420,卡销,2.252762968495368
421,即可,2.252762968495368
422,卸载,2.252762968495368
423,厂商,2.252762968495368
424,压根,2.252762968495368
425,厕所,2.252762968495368
426,原因,1.8472978603872037
427,原来,2.252762968495368
428,去查,1.8472978603872037
429,参与,2.252762968495368
430,参加,1.8472978603872037
431,及时,1.8472978603872037
432,反对,2.252762968495368
433,反正,1.5596157879354227
434,反而,2.252762968495368
435,反问,2.252762968495368
436,反馈,1.1541506798272583
437,发了,1.8472978603872037
438,发火,2.252762968495368
439,发生,1.8472978603872037
440,发短信,1.8472978603872037
441,发给,2.252762968495368
442,发给你,2.252762968495368
443,发货,1.8472978603872037
444,发送,1.8472978603872037
445,取消,1.5596157879354227
446,取现,2.252762968495368
447,受理,2.252762968495368
448,变动,2.252762968495368
449,变化,2.252762968495368
450,变得,2.252762968495368
451,变是,2.252762968495368
452,口径,2.252762968495368
453,口气,2.252762968495368
454,只不过,2.252762968495368
455,只会,2.252762968495368
456,只是,1.5596157879354227
457,只有,2.252762968495368
458,只算,2.252762968495368
459,只能,1.8472978603872037
460,只要,2.252762968495368
461,可不可以,2.252762968495368
462,可不是,1.8472978603872037
463,可以,1.0
464,可是,1.8472978603872037
465,可用,2.252762968495368
466,可真,2.252762968495368
467,可能,1.0
468,号码,2.252762968495368
469,吃错药,2.252762968495368
470,吃饭,2.252762968495368
471,吃饭时间,2.252762968495368
472,合一,1.8472978603872037
473,合格,2.252762968495368
474,合约,2.252762968495368
475,合适,2.252762968495368
476,同一,2.252762968495368
477,同一个,2.252762968495368
478,同事,1.0
479,同意,1.5596157879354227
480,同样,2.252762968495368
481,同步操作,2.252762968495368
482,名字,1.8472978603872037
483,后以,2.252762968495368
484,后天,2.252762968495368
485,后期,1.5596157879354227
486,后来,1.8472978603872037
487,后面,1.8472978603872037
488,向上,2.252762968495368
489,否则,2.252762968495368
490,听不懂,1.1541506798272583
491,听不清,1.8472978603872037
492,听个,2.252762968495368
493,听到,1.8472978603872037
494,听听,2.252762968495368
495,听得,1.8472978603872037
496,听得懂,1.5596157879354227
497,听得见,2.252762968495368
498,听懂,1.336472236621213
499,听清,1.8472978603872037
500,听见,2.252762968495368
501,听错,1.5596157879354227
502,告知,1.336472236621213
503,告诉,1.0
504,告诉您,2.252762968495368
505,员工,1.336472236621213
506,周到,2.252762968495368
507,周嘉伟,2.252762968495368
508,呼入,2.252762968495368
509,呼气,2.252762968495368
510,咆哮,2.252762968495368
511,和颜悦色,2.252762968495368
512,咨询,1.5596157879354227
513,咱们,1.5596157879354227
514,哈哈哈哈,2.252762968495368
515,哎呀,1.8472978603872037
516,哪一条,2.252762968495368
517,哪一点,2.252762968495368
518,哪个,1.8472978603872037
519,哪位,2.252762968495368
520,哪句,2.252762968495368
521,哪天,2.252762968495368
522,哪有,2.252762968495368
523,哪点,2.252762968495368
524,哪里,1.1541506798272583
525,商家,2.252762968495368
526,商户,1.8472978603872037
527,啥意思,1.8472978603872037
528,啰嗦,2.252762968495368
529,喜好,2.252762968495368
530,喜欢,2.252762968495368
531,嘈杂,2.252762968495368
532,嘉奖,2.252762968495368
533,嘴巴,2.252762968495368
534,回事儿,2.252762968495368
535,回听,2.252762968495368
536,回复,1.336472236621213
537,回应,2.252762968495368
538,回想,2.252762968495368
539,回拨,2.252762968495368
540,回电,1.336472236621213
541,回答,1.5596157879354227
542,回过,2.252762968495368
543,因为,1.5596157879354227
544,困扰,2.252762968495368
545,固定,2.252762968495368
546,国外,2.252762968495368
547,国家,2.252762968495368
548,圆梦,2.252762968495368
549,在手,2.252762968495368
550,在线,1.8472978603872037
551,地区,2.252762968495368
552,地址,2.252762968495368
553,地方,1.336472236621213
554,坑人,2.252762968495368
555,块钱,2.252762968495368
556,坚持,2.252762968495368
557,培训,1.8472978603872037
558,声音,1.336472236621213
559,处理,1.336472236621213
560,备注,2.252762968495368
561,复杂,1.336472236621213
562,复述,1.8472978603872037
563,外呼,2.252762968495368
564,外国,2.252762968495368
565,外网,2.252762968495368
566,外音,2.252762968495368
567,多久,1.5596157879354227
568,多亏,2.252762968495368
569,多喝水,2.252762968495368
570,多多,2.252762968495368
571,多存,2.252762968495368
572,多少,1.0
573,多有,2.252762968495368
574,多次,1.1541506798272583
575,多用,2.252762968495368
576,多说无益,2.252762968495368
577,多费,2.252762968495368
578,多遍,1.8472978603872037
579,多钱,2.252762968495368
580,多长时间,2.252762968495368
581,多雨,2.252762968495368
582,大叫,2.252762968495368
583,大哥,2.252762968495368
584,大声,1.8472978603872037
585,大学,2.252762968495368
586,大学毕业,2.252762968495368
587,大家,1.8472978603872037
588,大概,2.252762968495368
589,大没见,2.252762968495368
590,大清早,2.252762968495368
591,大点声,1.8472978603872037
592,天天,1.8472978603872037
593,天气,1.8472978603872037
594,天气炎热,2.252762968495368
595,天经地义,2.252762968495368
596,太吵,2.252762968495368
597,太坑,2.252762968495368
598,太多,2.252762968495368
599,太好,2.252762968495368
600,太好了,2.252762968495368
601,太小,2.252762968495368
602,太少,2.252762968495368
603,太差,1.8472978603872037
604,太快,1.8472978603872037
605,太慢,2.252762968495368
606,太晚,2.252762968495368
607,太棒了,2.252762968495368
608,太甜,2.252762968495368
609,太蠢,2.252762968495368
610,太费经,2.252762968495368
611,太过分,2.252762968495368
612,太难,2.252762968495368
613,太高,2.252762968495368
614,失职,2.252762968495368
615,失误,2.252762968495368
616,失败,2.252762968495368
617,奇怪,2.252762968495368
618,套话,2.252762968495368
619,套路,2.252762968495368
620,女士,1.8472978603872037
621,女生,2.252762968495368
622,她们,2.252762968495368
623,好不好,1.336472236621213
624,好不容易,2.252762968495368
625,好像,2.252762968495368
626,好几遍,1.8472978603872037
627,好听,2.252762968495368
628,好多,2.252762968495368
629,好多年,2.252762968495368
630,好多遍,1.8472978603872037
631,好好,1.1541506798272583
632,好极了,2.252762968495368
633,好点,2.252762968495368
634,好脾气,2.252762968495368
635,好要,2.252762968495368
636,好评,2.252762968495368
637,如实,2.252762968495368
638,如果,1.336472236621213
639,妈呀,2.252762968495368
640,始终,2.252762968495368
641,姑娘,2.252762968495368
642,娴熟,2.252762968495368
643,婉拒,2.252762968495368
644,媒体,2.252762968495368
645,字面上,2.252762968495368
646,存在,2.252762968495368
647,季节,2.252762968495368
648,学习,2.252762968495368
649,学历,2.252762968495368
650,学学,2.252762968495368
651,安全性,2.252762968495368
652,安排,2.252762968495368
653,安静,2.252762968495368
654,完全,1.5596157879354227
655,完全一致,2.252762968495368
656,完好,2.252762968495368
657,完整,1.8472978603872037
658,完美,2.252762968495368
659,官方,2.252762968495368
660,官网,1.5596157879354227
661,实习生,2.252762968495368
662,实体,2.252762968495368
663,实名,2.252762968495368
664,实名制,2.252762968495368
665,实在,1.5596157879354227
666,实话实说,2.252762968495368
667,实质性,2.252762968495368
668,实际,2.252762968495368
669,实际效果,2.252762968495368
670,审核,2.252762968495368
671,客户,1.1541506798272583
672,客户服务,2.252762968495368
673,客户经理,2.252762968495368
674,客服,1.1541506798272583
675,客服热线,2.252762968495368
676,客气,2.252762968495368
677,害死,2.252762968495368
678,家乡话,2.252762968495368
679,家人,1.5596157879354227
680,容易,2.252762968495368
681,密码,2.252762968495368
682,寒冷,2.252762968495368
683,对不上,2.252762968495368
684,对不起,1.336472236621213
685,对于,2.252762968495368
686,对别,2.252762968495368
687,对待,2.252762968495368
688,对方,2.252762968495368
689,对牛弹琴,2.252762968495368
690,对话,2.252762968495368
691,导致,1.5596157879354227
692,尊重,2.252762968495368
693,小事儿,2.252762968495368
694,小伙子,2.252762968495368
695,小哥,2.252762968495368
696,小女孩,2.252762968495368
697,小姐姐,2.252762968495368
698,小小的,1.8472978603872037
699,小时,1.8472978603872037
700,小是,2.252762968495368
701,尝试,2.252762968495368
702,就别,2.252762968495368
703,就是,1.1541506798272583
704,就算,1.5596157879354227
705,就耗,2.252762968495368
706,就行,2.252762968495368
707,就行了,1.1541506798272583
708,就要,1.8472978603872037
709,就销,1.8472978603872037
710,尴尬,2.252762968495368
711,尽力,2.252762968495368
712,尽快,2.252762968495368
713,屁股,2.252762968495368
714,层次,2.252762968495368
715,居然,2.252762968495368
716,属于,2.252762968495368
717,属猪,2.252762968495368
718,岗位,2.252762968495368
719,工作,1.1541506798272583
720,工作人员,1.5596157879354227
721,工作日,1.8472978603872037
722,工号,1.1541506798272583
723,差不多,1.8472978603872037
724,差能,2.252762968495368
725,差请,2.252762968495368
726,差距,2.252762968495368
727,已经,1.0
728,希望,1.5596157879354227
729,带伞,2.252762968495368
730,带来,2.252762968495368
731,帮不上,2.252762968495368
732,帮不了,1.8472978603872037
733,帮到,2.252762968495368
734,帮忙,2.252762968495368
735,常识,2.252762968495368
736,干什么,1.336472236621213
737,干吗,2.252762968495368
738,干嘛,1.5596157879354227
739,干燥,2.252762968495368
740,平台,1.8472978603872037
741,平安,2.252762968495368
742,年费,1.8472978603872037
743,幸福,2.252762968495368
744,广大群众,2.252762968495368
745,应该,1.0
746,废话,2.252762968495368
747,延误,2.252762968495368
748,建议,2.252762968495368
749,建议您,1.8472978603872037
750,开始,2.252762968495368
751,开玩笑,2.252762968495368
752,开通,2.252762968495368
753,弄懂,2.252762968495368
754,弄清楚,2.252762968495368
755,引导,2.252762968495368
756,张卡,1.8472978603872037
757,张卡上,2.252762968495368
758,弱智,2.252762968495368
759,当初,2.252762968495368
760,当时,1.5596157879354227
761,当期,2.252762968495368
762,当然,2.252762968495368
763,录入,2.252762968495368
764,录音,1.336472236621213
765,形容,2.252762968495368
766,影响,1.8472978603872037
767,往常,2.252762968495368
768,征信,2.252762968495368
769,很多,1.336472236621213
770,很多年,2.252762968495368
771,很多遍,1.5596157879354227
772,很大,2.252762968495368
773,很快,2.252762968495368
774,很慢,2.252762968495368
775,很晚,2.252762968495368
776,很棒,2.252762968495368
777,很甜,2.252762968495368
778,微信,1.8472978603872037
779,微信查,2.252762968495368
780,心情,2.252762968495368
781,心理准备,2.252762968495368
782,心里,1.5596157879354227
783,必要,1.5596157879354227
784,必须,1.8472978603872037
785,忘记,1.5596157879354227
786,忠诚,2.252762968495368
787,快干,2.252762968495368
788,快递,1.8472978603872037
789,快速,2.252762968495368
790,忽悠,2.252762968495368
791,怀疑,1.8472978603872037
792,态度,1.1541506798272583
793,怎么,1.0
794,怎么办,1.5596157879354227
795,怎么回事,1.8472978603872037
796,怎么弄,2.252762968495368
797,怎么样,1.5596157879354227
798,怎样,2.252762968495368
799,怎样才能,2.252762968495368
800,思维,2.252762968495368
801,思考,2.252762968495368
802,思路,2.252762968495368
803,急用,2.252762968495368
804,总是,1.8472978603872037
805,总有,2.252762968495368
806,总行,2.252762968495368
807,总说,2.252762968495368
808,总部,2.252762968495368
809,总额,2.252762968495368
810,恶劣,2.252762968495368
811,恶意,2.252762968495368
812,恼火,2.252762968495368
813,您们,2.252762968495368
814,您好,2.252762968495368
815,您慢,2.252762968495368
816,情况,1.336472236621213
817,情绪,2.252762968495368
818,想想,1.336472236621213
819,想改,2.252762968495368
820,想法,1.8472978603872037
821,想用,2.252762968495368
822,想要,1.336472236621213
823,惹麻烦,2.252762968495368
824,愉快,2.252762968495368
825,意义,1.5596157879354227
826,意思,1.1541506798272583
827,意见,1.8472978603872037
828,感到,2.252762968495368
829,感觉,2.252762968495368
830,感谢,2.252762968495368
831,感谢信,2.252762968495368
832,感谢您,2.252762968495368
833,愿意,1.5596157879354227
834,慈善机构,2.252762968495368
835,慢慢,2.252762968495368
836,慢点,2.252762968495368
837,慢点儿,2.252762968495368
838,慢说,2.252762968495368
839,懂不懂,1.5596157879354227
840,懂吗,1.8472978603872037
841,懂法,2.252762968495368
842,懂要,2.252762968495368
843,懒得,2.252762968495368
844,成功,1.8472978603872037
845,成年人,2.252762968495368
846,成立,1.8472978603872037
847,我们,1.0
848,我会,1.5596157879354227
849,我刚,1.8472978603872037
850,我卡,2.252762968495368
851,我家,2.252762968495368
852,我开,2.252762968495368
853,我教,2.252762968495368
854,我整,1.8472978603872037
855,我查,1.8472978603872037
856,我活,2.252762968495368
857,我满,2.252762968495368
858,我滴,2.252762968495368
859,我用,2.252762968495368
860,我管,2.252762968495368
861,我能,1.5596157879354227
862,我花,2.252762968495368
863,我行,1.5596157879354227
864,我要,1.1541506798272583
865,我费,2.252762968495368
866,我长,2.252762968495368
867,或是,2.252762968495368
868,或者,1.5596157879354227
869,截图,2.252762968495368
870,所以,1.8472978603872037
871,所在,2.252762968495368
872,所说,2.252762968495368
873,手册,2.252762968495368
874,手动,1.8472978603872037
875,手机,1.8472978603872037
876,手机号码,2.252762968495368
877,手续费,1.8472978603872037
878,才能,1.5596157879354227
879,打个,1.336472236621213
880,打字,2.252762968495368
881,打开,2.252762968495368
882,打扰,2.252762968495368
883,打搅,2.252762968495368
884,打断,1.5596157879354227
885,打来,2.252762968495368
886,打电话,1.1541506798272583
887,打败,2.252762968495368
888,打马虎眼,2.252762968495368
889,扣掉,2.252762968495368
890,扣钱,2.252762968495368
891,执行,2.252762968495368
892,扯些,2.252762968495368
893,扯淡,2.252762968495368
894,批核,2.252762968495368
895,找下,2.252762968495368
896,找个,2.252762968495368
897,找到,2.252762968495368
898,承担,1.5596157879354227
899,承认,2.252762968495368
900,承诺,2.252762968495368
901,技巧,2.252762968495368
902,技术,2.252762968495368
903,投不,2.252762968495368
904,投诉,1.1541506798272583
905,抗议,2.252762968495368
906,抢光,2.252762968495368
907,抢到,2.252762968495368
908,抢走了,2.252762968495368
909,抢钱,2.252762968495368
910,报警,2.252762968495368
911,报读,2.252762968495368
912,抱歉,1.336472236621213
913,抵消,2.252762968495368
914,担待,2.252762968495368
915,担心,2.252762968495368
916,拐弯抹角,2.252762968495368
917,拒绝,2.252762968495368
918,招商,2.252762968495368
919,招商银行,2.252762968495368
920,拨打,1.8472978603872037
921,拿出,2.252762968495368
922,拿到,2.252762968495368
923,持卡人,2.252762968495368
924,挂失,2.252762968495368
925,挂机,1.8472978603872037
926,指南,2.252762968495368
927,按照,1.8472978603872037
928,按规定,2.252762968495368
929,挪动,2.252762968495368
930,挺乱,2.252762968495368
931,挺快,2.252762968495368
932,损失,2.252762968495368
933,换个,1.336472236621213
934,换人,1.8472978603872037
935,换位,2.252762968495368
936,换卡,2.252762968495368
937,换货,2.252762968495368
938,授权,2.252762968495368
939,探讨,2.252762968495368
940,接受,1.5596157879354227
941,接听,1.8472978603872037
942,接听电话,2.252762968495368
943,接换,2.252762968495368
944,接收,2.252762968495368
945,接电话,1.336472236621213
946,接线,2.252762968495368
947,推出,2.252762968495368
948,推荐,2.252762968495368
949,措辞,2.252762968495368
950,描述,1.8472978603872037
951,提个,2.252762968495368
952,提供,1.8472978603872037
953,提出,2.252762968495368
954,提前,1.5596157879354227
955,提升,1.8472978603872037
956,提拔,2.252762968495368
957,提示,1.5596157879354227
958,提醒,2.252762968495368
959,提醒您,2.252762968495368
960,提问,2.252762968495368
961,提高,2.252762968495368
962,插嘴,2.252762968495368
963,插话,2.252762968495368
964,搞不懂,2.252762968495368
965,搞清楚,1.8472978603872037
966,搞笑,1.8472978603872037
967,搞错,1.8472978603872037
968,擅自,2.252762968495368
969,操作,1.336472236621213
970,操心,2.252762968495368
971,支付,2.252762968495368
972,支持,2.252762968495368
973,收到,1.5596157879354227
974,收取,2.252762968495368
975,收回,2.252762968495368
976,收完,2.252762968495368
977,收费,1.5596157879354227
978,改不了,1.5596157879354227
979,改变,2.252762968495368
980,改正,2.252762968495368
981,改进,2.252762968495368
982,放假,2.252762968495368
983,放入,2.252762968495368
984,放屁,1.8472978603872037
985,政策,1.5596157879354227
986,故事,2.252762968495368
987,故意,1.5596157879354227
988,效率,2.252762968495368
989,救济,1.8472978603872037
990,数数,2.252762968495368
991,数量,2.252762968495368
992,整个,2.252762968495368
993,整天,2.252762968495368
994,文字游戏,2.252762968495368
995,文明,2.252762968495368
996,文明用语,2.252762968495368
997,新华字典,2.252762968495368
998,新卡,2.252762968495368
999,新来,1.336472236621213
1000,方便,1.5596157879354227
1001,方式,1.5596157879354227
1002,方案,1.5596157879354227
1003,方法,2.252762968495368
1004,方言,1.8472978603872037
1005,方面,2.252762968495368
1006,旁边,1.8472978603872037
1007,无所谓,2.252762968495368
1008,无法,1.5596157879354227
1009,无理,2.252762968495368
1010,无缘无故,2.252762968495368
1011,无能为力,2.252762968495368
1012,无话可说,2.252762968495368
1013,无语,1.8472978603872037
1014,无赖,2.252762968495368
1015,既然,1.8472978603872037
1016,日期,2.252762968495368
1017,早上,1.8472978603872037
1018,早就,2.252762968495368
1019,早点,1.8472978603872037
1020,时候,1.1541506798272583
1021,时效,2.252762968495368
1022,时间,1.1541506798272583
1023,明天,1.5596157879354227
1024,明明,2.252762968495368
1025,明显,2.252762968495368
1026,明白,1.1541506798272583
1027,明白人,2.252762968495368
1028,明细,1.5596157879354227
1029,昨天,2.252762968495368
1030,是不是,1.1541506798272583
1031,是否,2.252762968495368
1032,是因为,2.252762968495368
1033,显示,1.8472978603872037
1034,晚上,1.8472978603872037
1035,晚点,2.252762968495368
1036,普及,2.252762968495368
1037,普通,2.252762968495368
1038,普通话,1.336472236621213
1039,普金卡,2.252762968495368
1040,普金问,2.252762968495368
1041,智商,1.8472978603872037
1042,暂时,2.252762968495368
1043,暖心,2.252762968495368
1044,暴躁,2.252762968495368
1045,曝光,2.252762968495368
1046,更好,2.252762968495368
1047,更换,2.252762968495368
1048,更改,1.8472978603872037
1049,更新,2.252762968495368
1050,最低,2.252762968495368
1051,最后,1.5596157879354227
1052,最好,1.8472978603872037
1053,最终,2.252762968495368
1054,最近,2.252762968495368
1055,最高,2.252762968495368
1056,有个,2.252762968495368
1057,有人,1.5596157879354227
1058,有意思,2.252762968495368
1059,有效期,2.252762968495368
1060,有没有,1.1541506798272583
1061,有点,1.336472236621213
1062,有用,1.5596157879354227
1063,有用吗,1.8472978603872037
1064,有病,1.8472978603872037
1065,有误,2.252762968495368
1066,有限,1.8472978603872037
1067,朋友,1.336472236621213
1068,服务,1.1541506798272583
1069,服务态度,1.8472978603872037
1070,服务质量,2.252762968495368
1071,期数,2.252762968495368
1072,本人,1.8472978603872037
1073,本期,1.8472978603872037
1074,本来,1.5596157879354227
1075,本次,2.252762968495368
1076,本此,2.252762968495368
1077,机会,1.8472978603872037
1078,机器人,2.252762968495368
1079,机构,1.8472978603872037
1080,杀人,2.252762968495368
1081,权利,1.8472978603872037
1082,权力,2.252762968495368
1083,权益,1.8472978603872037
1084,权限,1.5596157879354227
1085,条款,1.8472978603872037
1086,来不及,2.252762968495368
1087,来个,2.252762968495368
1088,来回,2.252762968495368
1089,来接,2.252762968495368
1090,来电,1.336472236621213
1091,来说,2.252762968495368
1092,来过,2.252762968495368
1093,柜台,2.252762968495368
1094,查下,1.8472978603872037
1095,查不到,1.8472978603872037
1096,查好,2.252762968495368
1097,查查,1.8472978603872037
1098,查看,2.252762968495368
1099,查询,1.1541506798272583
1100,查账,2.252762968495368
1101,查错,2.252762968495368
1102,标准,1.8472978603872037
1103,样子,1.1541506798272583
1104,核实,1.5596157879354227
1105,核对,2.252762968495368
1106,核身,2.252762968495368
1107,根本,1.336472236621213
1108,梦游,2.252762968495368
1109,概念,2.252762968495368
1110,模棱两可,2.252762968495368
1111,欠债还钱,2.252762968495368
1112,欠款,1.1541506798272583
1113,欠钱,2.252762968495368
1114,欺诈,2.252762968495368
1115,欺负,2.252762968495368
1116,欺骗,2.252762968495368
1117,款降,2.252762968495368
1118,止付,2.252762968495368
1119,正在,1.5596157879354227
1120,正常,1.336472236621213
1121,正确,1.8472978603872037
1122,正面,1.5596157879354227
1123,此次,2.252762968495368
1124,死亡,2.252762968495368
1125,每个,1.5596157879354227
1126,每天,2.252762968495368
1127,每年,2.252762968495368
1128,每次,2.252762968495368
1129,比较,1.336472236621213
1130,比较复杂,2.252762968495368
1131,比较清楚,2.252762968495368
1132,毕竟,2.252762968495368
1133,毛病,1.8472978603872037
1134,毛钱,2.252762968495368
1135,气不气,2.252762968495368
1136,气死,2.252762968495368
1137,水平,1.8472978603872037
1138,永久,2.252762968495368
1139,汇报,2.252762968495368
1140,沉默,2.252762968495368
1141,沟通,1.1541506798272583
1142,没事儿,2.252762968495368
1143,没人接,2.252762968495368
1144,没什么,2.252762968495368
1145,没关系,1.8472978603872037
1146,没到,2.252762968495368
1147,没去,2.252762968495368
1148,没太,2.252762968495368
1149,没带,2.252762968495368
1150,没数,2.252762968495368
1151,没有,1.0
1152,没查,2.252762968495368
1153,没法,1.336472236621213
1154,没用,1.336472236621213
1155,没等我,2.252762968495368
1156,没说,2.252762968495368
1157,没调,2.252762968495368
1158,没错,2.252762968495368
1159,泄露,2.252762968495368
1160,法律,1.8472978603872037
1161,法院,2.252762968495368
1162,注意,2.252762968495368
1163,注销,1.5596157879354227
1164,活动,1.1541506798272583
1165,活着,2.252762968495368
1166,活路,2.252762968495368
1167,流程,1.5596157879354227
1168,浪费,1.5596157879354227
1169,浪费时间,1.8472978603872037
1170,消消气,2.252762968495368
1171,消费,1.5596157879354227
1172,消费者,2.252762968495368
1173,涉及,2.252762968495368
1174,涨工资,2.252762968495368
1175,深奥,2.252762968495368
1176,清楚,1.1541506798272583
1177,清算,2.252762968495368
1178,渠道,1.5596157879354227
1179,温暖,2.252762968495368
1180,温柔,2.252762968495368
1181,温水,2.252762968495368
1182,滚蛋,2.252762968495368
1183,满分,2.252762968495368
1184,满意,1.8472978603872037
1185,满足,1.8472978603872037
1186,潘先生,2.252762968495368
1187,激动,2.252762968495368
1188,激活,2.252762968495368
1189,火死,2.252762968495368
1190,点个,2.252762968495368
1191,点后,2.252762968495368
1192,点点,2.252762968495368
1193,点破,2.252762968495368
1194,点评,2.252762968495368
1195,点赞,2.252762968495368
1196,烂掉,2.252762968495368
1197,烦人,2.252762968495368
1198,烦死,2.252762968495368
1199,烦请,2.252762968495368
1200,热情,1.8472978603872037
1201,热线,2.252762968495368
1202,然后,2.252762968495368
1203,熟悉,2.252762968495368
1204,爆线,2.252762968495368
1205,牛头不对马嘴,2.252762968495368
1206,特别,2.252762968495368
1207,特意,2.252762968495368
1208,特殊,1.8472978603872037
1209,犯罪,2.252762968495368
1210,犯贱,2.252762968495368
1211,状态,2.252762968495368
1212,狐狸尾巴,2.252762968495368
1213,狭隘,2.252762968495368
1214,狼来了,2.252762968495368
1215,猪脑子,2.252762968495368
1216,王珊珊,2.252762968495368
1217,玩弄,2.252762968495368
1218,玩意,1.8472978603872037
1219,玩意儿,1.8472978603872037
1220,玩样,2.252762968495368
1221,玩笑,2.252762968495368
1222,现在,1.0
1223,班次,2.252762968495368
1224,理想,2.252762968495368
1225,理由,2.252762968495368
1226,理解,1.1541506798272583
1227,理解力,2.252762968495368
1228,理解能力,1.5596157879354227
1229,甜美,2.252762968495368
1230,生产,2.252762968495368
1231,生气,2.252762968495368
1232,用卡,1.5596157879354227
1233,用得着,2.252762968495368
1234,用心,1.8472978603872037
1235,用心听,2.252762968495368
1236,用户,2.252762968495368
1237,用过,2.252762968495368
1238,由于,2.252762968495368
1239,申请,1.336472236621213
1240,电信,2.252762968495368
1241,电子,2.252762968495368
1242,电子卡,2.252762968495368
1243,电话,1.1541506798272583
1244,电话录音,2.252762968495368
1245,男声,2.252762968495368
1246,畅通,2.252762968495368
1247,界面,2.252762968495368
1248,留意,1.8472978603872037
1249,留意到,2.252762968495368
1250,畜生,2.252762968495368
1251,疏忽,2.252762968495368
1252,疑问,1.8472978603872037
1253,登录,2.252762968495368
1254,登记,2.252762968495368
1255,白天,2.252762968495368
1256,白纸黑字,2.252762968495368
1257,白金,1.8472978603872037
1258,白金卡,2.252762968495368
1259,百度,2.252762968495368
1260,百般阻挠,2.252762968495368
1261,的话,1.1541506798272583
1262,监察,2.252762968495368
1263,监管部门,2.252762968495368
1264,目前,1.336472236621213
1265,目的,1.8472978603872037
1266,直接,1.0
1267,相信,1.1541506798272583
1268,相关,2.252762968495368
1269,相当,2.252762968495368
1270,看下,2.252762968495368
1271,看不到,1.8472978603872037
1272,看不见,2.252762968495368
1273,看不起,2.252762968495368
1274,看到,1.336472236621213
1275,看吧,1.8472978603872037
1276,看好,2.252762968495368
1277,看清楚,2.252762968495368
1278,看看,1.8472978603872037
1279,看着办,2.252762968495368
1280,看运气,2.252762968495368
1281,看错,2.252762968495368
1282,真不知道,1.8472978603872037
1283,真不错,2.252762968495368
1284,真够,2.252762968495368
1285,真好,2.252762968495368
1286,真是,1.1541506798272583
1287,真是太,1.8472978603872037
1288,真甜要,2.252762968495368
1289,真的,1.0
1290,真诚,2.252762968495368
1291,真高,2.252762968495368
1292,眼睛,2.252762968495368
1293,着急,1.8472978603872037
1294,着想,2.252762968495368
1295,睡醒,2.252762968495368
1296,瞎扯,2.252762968495368
1297,瞎搞,2.252762968495368
1298,瞎说,2.252762968495368
1299,知不知道,1.5596157879354227
1300,知识,2.252762968495368
1301,知道,1.1541506798272583
1302,短信,1.5596157879354227
1303,短信内容,2.252762968495368
1304,石头,2.252762968495368
1305,破口大骂,2.252762968495368
1306,硬邦邦的,2.252762968495368
1307,确定,1.5596157879354227
1308,确实,1.336472236621213
1309,确认,1.5596157879354227
1310,碰上,2.252762968495368
1311,碰到,2.252762968495368
1312,礼品,1.5596157879354227
1313,礼拜,2.252762968495368
1314,神经病,2.252762968495368
1315,离谱,2.252762968495368
1316,科学,2.252762968495368
1317,积分,1.5596157879354227
1318,积极,2.252762968495368
1319,积极主动,2.252762968495368
1320,称谓,2.252762968495368
1321,移动,2.252762968495368
1322,稍后,1.8472978603872037
1323,稍微,1.8472978603872037
1324,稍等一下,2.252762968495368
1325,究竟,1.8472978603872037
1326,空间,1.8472978603872037
1327,窝火,2.252762968495368
1328,竟办,2.252762968495368
1329,符合,1.5596157879354227
1330,笨会,2.252762968495368
1331,第一次,1.8472978603872037
1332,第三方,1.8472978603872037
1333,第二,2.252762968495368
1334,第二个,2.252762968495368
1335,第二天,2.252762968495368
1336,等于,2.252762968495368
1337,等到,1.8472978603872037
1338,等待,1.5596157879354227
1339,等等,1.8472978603872037
1340,答复,2.252762968495368
1341,答应,2.252762968495368
1342,答案,2.252762968495368
1343,答西,2.252762968495368
1344,答非所问,2.252762968495368
1345,简单,1.336472236621213
1346,简直,1.8472978603872037
1347,简答,2.252762968495368
1348,简简单单,2.252762968495368
1349,算了,2.252762968495368
1350,算了算,1.8472978603872037
1351,算进去,2.252762968495368
1352,管不着,2.252762968495368
1353,管家,2.252762968495368
1354,管理,1.8472978603872037
1355,篮子,2.252762968495368
1356,糊弄,2.252762968495368
1357,糊弄人,2.252762968495368
1358,糊涂,1.5596157879354227
1359,系统,1.5596157879354227
1360,系统升级,2.252762968495368
1361,系统故障,2.252762968495368
1362,素质,1.5596157879354227
1363,累死,2.252762968495368
1364,繁忙,2.252762968495368
1365,繁琐,2.252762968495368
1366,纠结,1.8472978603872037
1367,纳闷,2.252762968495368
1368,细则,1.8472978603872037
1369,细心,2.252762968495368
1370,终于,2.252762968495368
1371,经常,2.252762968495368
1372,经理,1.336472236621213
1373,经过,1.8472978603872037
1374,经过培训,2.252762968495368
1375,结束,2.252762968495368
1376,结果,1.5596157879354227
1377,结算,2.252762968495368
1378,给予,2.252762968495368
1379,给你个,1.8472978603872037
1380,给我发,2.252762968495368
1381,继续,1.8472978603872037
1382,综合,2.252762968495368
1383,缴款,1.8472978603872037
1384,缺人,2.252762968495368
1385,网上,1.8472978603872037
1386,网址,2.252762968495368
1387,网点,2.252762968495368
1388,网站,1.8472978603872037
1389,网络,1.8472978603872037
1390,网银,2.252762968495368
1391,老客户,1.8472978603872037
1392,老年人,2.252762968495368
1393,老是,2.252762968495368
1394,老百姓,1.5596157879354227
1395,考虑,1.8472978603872037
1396,考虑一下,1.8472978603872037
1397,而且,1.8472978603872037
1398,而已,1.8472978603872037
1399,而是,2.252762968495368
1400,耐心,1.5596157879354227
1401,耗时间,2.252762968495368
1402,耳朵,1.5596157879354227
1403,耽误,1.8472978603872037
1404,耽误时间,2.252762968495368
1405,聆听,1.8472978603872037
1406,联系,1.8472978603872037
1407,肯定,1.5596157879354227
1408,胡说,2.252762968495368
1409,胡说八道,2.252762968495368
1410,胡闹,2.252762968495368
1411,能力,1.336472236621213
1412,能否,2.252762968495368
1413,能够,1.8472978603872037
1414,能太差,2.252762968495368
1415,能干,2.252762968495368
1416,能慢,2.252762968495368
1417,能换个,2.252762968495368
1418,能查,2.252762968495368
1419,能耗,2.252762968495368
1420,能达,2.252762968495368
1421,脑子,1.8472978603872037
1422,脾气,2.252762968495368
1423,自作主张,2.252762968495368
1424,自信,2.252762968495368
1425,自动,2.252762968495368
1426,自助,1.8472978603872037
1427,自始至终,2.252762968495368
1428,自己,1.1541506798272583
1429,自愿,2.252762968495368
1430,自行,2.252762968495368
1431,自说自话,2.252762968495368
1432,至于,1.8472978603872037
1433,至少,2.252762968495368
1434,致电,1.8472978603872037
1435,舒适,2.252762968495368
1436,良好,2.252762968495368
1437,范围,2.252762968495368
1438,荣幸,2.252762968495368
1439,莫名其妙,2.252762968495368
1440,获得,1.8472978603872037
1441,落地,2.252762968495368
1442,蚊子,2.252762968495368
1443,行不行,1.8472978603872037
1444,行为,2.252762968495368
1445,行长,2.252762968495368
1446,补偿,1.8472978603872037
1447,补刷,2.252762968495368
1448,补发,2.252762968495368
1449,表扬,2.252762968495368
1450,表扬信,2.252762968495368
1451,表示,1.8472978603872037
1452,表达,1.5596157879354227
1453,表达能力,2.252762968495368
1454,表述,2.252762968495368
1455,西扯,2.252762968495368
1456,要不然,1.5596157879354227
1457,要卡,2.252762968495368
1458,要变,2.252762968495368
1459,要告,2.252762968495368
1460,要收,2.252762968495368
1461,要是,1.336472236621213
1462,要查,1.8472978603872037
1463,要求,1.336472236621213
1464,要说,2.252762968495368
1465,观影,2.252762968495368
1466,规则,1.5596157879354227
1467,规定,1.8472978603872037
1468,觉得,1.1541506798272583
1469,角度,2.252762968495368
1470,角色,2.252762968495368
1471,解决,1.1541506798272583
1472,解决不了,1.5596157879354227
1473,解决办法,2.252762968495368
1474,解决方案,1.5596157879354227
1475,解决问题,1.5596157879354227
1476,解答,1.1541506798272583
1477,解绑,2.252762968495368
1478,解说,2.252762968495368
1479,解释,1.0
1480,解释一下,2.252762968495368
1481,解除,1.8472978603872037
1482,警察,2.252762968495368
1483,计算,2.252762968495368
1484,认为,2.252762968495368
1485,认可,1.8472978603872037
1486,认真,1.336472236621213
1487,认证,2.252762968495368
1488,讨厌,2.252762968495368
1489,记下来,2.252762968495368
1490,记不住,2.252762968495368
1491,记住,1.8472978603872037
1492,记录,1.0
1493,记录下来,2.252762968495368
1494,记录在案,2.252762968495368
1495,记得,1.336472236621213
1496,讲太多,2.252762968495368
1497,讲完,2.252762968495368
1498,讲慢,2.252762968495368
1499,讲清楚,2.252762968495368
1500,讲解,2.252762968495368
1501,讲讲,2.252762968495368
1502,讲话,1.8472978603872037
1503,讲课,2.252762968495368
1504,讲过,2.252762968495368
1505,讲道理,2.252762968495368
1506,讲预,2.252762968495368
1507,设置,2.252762968495368
1508,证书,2.252762968495368
1509,证明,2.252762968495368
1510,评个,2.252762968495368
1511,评价,2.252762968495368
1512,评分,1.8472978603872037
1513,评点,2.252762968495368
1514,诈骗,1.8472978603872037
1515,试一试,2.252762968495368
1516,试下,2.252762968495368
1517,试试,1.8472978603872037
1518,试试看,1.8472978603872037
1519,诚信,2.252762968495368
1520,诚意,2.252762968495368
1521,话务员,2.252762968495368
1522,询问,1.8472978603872037
1523,详细,1.8472978603872037
1524,诬赖,2.252762968495368
1525,语文,2.252762968495368
1526,语气,1.5596157879354227
1527,语速,2.252762968495368
1528,语音,2.252762968495368
1529,误导,1.8472978603872037
1530,误差,2.252762968495368
1531,说了半天,2.252762968495368
1532,说了算,2.252762968495368
1533,说些,2.252762968495368
1534,说出,2.252762968495368
1535,说办,2.252762968495368
1536,说好,1.336472236621213
1537,说完,1.8472978603872037
1538,说慢,2.252762968495368
1539,说明,1.8472978603872037
1540,说服,2.252762968495368
1541,说法,1.8472978603872037
1542,说话,1.1541506798272583
1543,说辞,2.252762968495368
1544,说错,2.252762968495368
1545,请问,1.8472978603872037
1546,调动,2.252762968495368
1547,调回来,2.252762968495368
1548,调大,2.252762968495368
1549,调整,1.8472978603872037
1550,调来调去,2.252762968495368
1551,调额,2.252762968495368
1552,谅解,2.252762968495368
1553,谢谢,1.5596157879354227
1554,负责,1.336472236621213
1555,财力,2.252762968495368
1556,责任,1.5596157879354227
1557,责任心,2.252762968495368
1558,责任感,2.252762968495368
1559,账单,1.1541506798272583
1560,账户,1.5596157879354227
1561,账户就,2.252762968495368
1562,货架,2.252762968495368
1563,质疑,1.5596157879354227
1564,购物车,2.252762968495368
1565,贴心,2.252762968495368
1566,贷款,2.252762968495368
1567,费劲,1.8472978603872037
1568,费好,2.252762968495368
1569,费心,2.252762968495368
1570,费用,1.8472978603872037
1571,资料,1.8472978603872037
1572,资格,1.8472978603872037
1573,赔偿,1.8472978603872037
1574,赔礼道歉,2.252762968495368
1575,赞加,2.252762968495368
1576,走神,2.252762968495368
1577,赶紧,1.8472978603872037
1578,起来,2.252762968495368
1579,超出,2.252762968495368
1580,超时,2.252762968495368
1581,超赞,2.252762968495368
1582,越来越,2.252762968495368
1583,跟个,2.252762968495368
1584,跟进,2.252762968495368
1585,路上,2.252762968495368
1586,身份,2.252762968495368
1587,身边,2.252762968495368
1588,转上,2.252762968495368
1589,转介,1.5596157879354227
1590,转到,2.252762968495368
1591,转接,2.252762968495368
1592,转来转去,2.252762968495368
1593,转给,1.8472978603872037
1594,转账,2.252762968495368
1595,转述,2.252762968495368
1596,软件,2.252762968495368
1597,较劲,2.252762968495368
1598,输入,1.8472978603872037
1599,输进去,2.252762968495368
1600,边上,2.252762968495368
1601,达标,1.8472978603872037
1602,过分,2.252762968495368
1603,过去,2.252762968495368
1604,过家家,2.252762968495368
1605,过来,1.336472236621213
1606,过段时间,2.252762968495368
1607,还会,1.8472978603872037
1608,还出,2.252762968495368
1609,还少,2.252762968495368
1610,还是,1.0
1611,还有,1.336472236621213
1612,还查,2.252762968495368
1613,还款,1.336472236621213
1614,还清,2.252762968495368
1615,还给,2.252762968495368
1616,还要,1.336472236621213
1617,这个,1.0
1618,这么,1.0
1619,这么久,1.5596157879354227
1620,这些,1.336472236621213
1621,这件,1.8472978603872037
1622,这份,1.8472978603872037
1623,这儿,2.252762968495368
1624,这帮,2.252762968495368
1625,这成,2.252762968495368
1626,这方面,2.252762968495368
1627,这是,1.5596157879354227
1628,这有,2.252762968495368
1629,这期,2.252762968495368
1630,这样,1.0
1631,这次,1.8472978603872037
1632,这点,1.8472978603872037
1633,这破,2.252762968495368
1634,这种,1.336472236621213
1635,这笔,1.8472978603872037
1636,这话,2.252762968495368
1637,这边,1.5596157879354227
1638,这里,1.5596157879354227
1639,进入,1.8472978603872037
1640,进去,2.252762968495368
1641,进来,1.5596157879354227
1642,进行,2.252762968495368
1643,违约金,2.252762968495368
1644,连不上,2.252762968495368
1645,连话都,2.252762968495368
1646,退回来,2.252762968495368
1647,退款,1.8472978603872037
1648,退步,2.252762968495368
1649,适合,2.252762968495368
1650,选个,2.252762968495368
1651,选择,1.5596157879354227
1652,通不,2.252762968495368
1653,通电话,2.252762968495368
1654,通知,1.5596157879354227
1655,通话,1.8472978603872037
1656,通话记录,2.252762968495368
1657,通过,1.5596157879354227
1658,速度,2.252762968495368
1659,造成,1.8472978603872037
1660,逻辑,1.8472978603872037
1661,逼问,2.252762968495368
1662,逾期,2.252762968495368
1663,遇到,1.1541506798272583
1664,道歉,1.8472978603872037
1665,道理,1.8472978603872037
1666,遵守,1.8472978603872037
1667,邀请,2.252762968495368
1668,那个,1.336472236621213
1669,那么,1.0
1670,那些,2.252762968495368
1671,那人接,2.252762968495368
1672,那天,1.8472978603872037
1673,那样,1.5596157879354227
1674,那种,2.252762968495368
1675,那边,1.5596157879354227
1676,那遍,2.252762968495368
1677,那里,2.252762968495368
1678,邮件,2.252762968495368
1679,邮寄,1.8472978603872037
1680,邮政,2.252762968495368
1681,邮箱,2.252762968495368
1682,邮编,2.252762968495368
1683,部门,1.8472978603872037
1684,重复,1.336472236621213
1685,重打,2.252762968495368
1686,重新,1.1541506798272583
1687,重新安装,2.252762968495368
1688,重点,1.8472978603872037
1689,重视,2.252762968495368
1690,金额,2.252762968495368
1691,银监会,1.8472978603872037
1692,银监局,1.8472978603872037
1693,银联,2.252762968495368
1694,银行,1.0
1695,银行卡,1.8472978603872037
1696,链接,2.252762968495368
1697,销了,2.252762968495368
1698,销卡,1.8472978603872037
1699,销售,2.252762968495368
1700,错误,1.5596157879354227
1701,错误信息,2.252762968495368
1702,长大,2.252762968495368
1703,长时间,1.8472978603872037
1704,长进,2.252762968495368
1705,长途电话,2.252762968495368
1706,问下,1.8472978603872037
1707,问东,2.252762968495368
1708,问过,1.8472978603872037
1709,问错,2.252762968495368
1710,问问,1.8472978603872037
1711,问题,1.0
1712,防寒,2.252762968495368
1713,防暑,2.252762968495368
1714,防暑降温,2.252762968495368
1715,阳阳,2.252762968495368
1716,降低,2.252762968495368
1717,降级,2.252762968495368
1718,降额,2.252762968495368
1719,限制,1.8472978603872037
1720,限额,2.252762968495368
1721,陷入绝境,2.252762968495368
1722,随便,2.252762968495368
1723,随时,1.8472978603872037
1724,障碍,2.252762968495368
1725,难得,2.252762968495368
1726,难懂,2.252762968495368
1727,难提,2.252762968495368
1728,难道,1.336472236621213
1729,需不需要,2.252762968495368
1730,需求,1.1541506798272583
1731,需要,1.1541506798272583
1732,露出,2.252762968495368
1733,霸王,1.8472978603872037
1734,非常,1.5596157879354227
1735,非常感谢,2.252762968495368
1736,非常热心,2.252762968495368
1737,非得,1.8472978603872037
1738,非要,1.8472978603872037
1739,页面,1.8472978603872037
1740,顺序,2.252762968495368
1741,预留,2.252762968495368
1742,预约,2.252762968495368
1743,领导,1.1541506798272583
1744,频道,2.252762968495368
1745,颜色,2.252762968495368
1746,额前,2.252762968495368
1747,额外,2.252762968495368
1748,额度,1.336472236621213
1749,风险,2.252762968495368
1750,风马牛不,2.252762968495368
1751,首次,2.252762968495368
1752,马上,1.8472978603872037
1753,驴唇不对马嘴,2.252762968495368
1754,骂人,2.252762968495368
1755,骂骂咧咧,2.252762968495368
1756,验证码,2.252762968495368
1757,骗人,2.252762968495368
1758,高分,2.252762968495368
1759,高利贷,2.252762968495368
1760,高明,2.252762968495368
1761,鸟人,2.252762968495368
1762,鸟语,2.252762968495368
1763,麻烦,1.0
1764,黑心,2.252762968495368
